ts_run,schedule_slot,target_draw_id,window_n,top3,top12,best_signal,best_a11,ok_alert,source_rows_hist_used,same_day_mid_present,mid_today_nums,debug_json,model_version
2026-02-19T05:16:14Z,manual,LN|2026-02-19|MID,120,"06,82,52","06,82,52,42,77,78,18,83,88,97,20,91",0.27228028870006005,12,1,120,0,,"{'window_used': 120, 'top_score': 0.27228028870006005, 'top12_bottom_score': 0.2620903378029984, 'best_a11': 12}",LN-quiniela-v1
2026-02-19T19:30:12Z,13:00,LN|2026-02-19|NIGHT,120,"13,71,16","13,71,16,19,40,61,06,95,56,39,14,52",0.2765453181968924,12,1,120,1,"31,30,04","{'window_used': 120, 'top_score': 0.2765453181968924, 'top12_bottom_score': 0.25920052846500913, 'best_a11': 12}",LN-quiniela-v1
2026-02-19T21:03:37Z,16:00,LN|2026-02-19|NIGHT,120,"13,71,16","13,71,16,19,40,61,06,95,56,39,14,52",0.2765453181968924,12,1,120,1,"31,30,04","{'window_used': 120, 'top_score': 0.2765453181968924, 'top12_bottom_score': 0.25920052846500913, 'best_a11': 12}",LN-quiniela-v1
2026-02-20T14:33:59Z,manual,LN|2026-02-20|MID,120,"06,82,52","06,82,52,42,77,78,83,18,20,88,97,91",0.2721097046603834,12,1,120,0,,"{'window_used': 120, 'top_score': 0.2721097046603834, 'top12_bottom_score': 0.2609155311452723, 'best_a11': 12}",LN-quiniela-v1
2026-02-20T19:26:05Z,13:00,LN|2026-02-20|NIGHT,120,"13,71,16","13,71,16,19,40,61,06,56,14,39,44,52",0.2768225551798398,12,1,120,1,"87,72,63","{'window_used': 120, 'top_score': 0.2768225551798398, 'top12_bottom_score': 0.25932868656197355, 'best_a11': 12}",LN-quiniela-v1
2026-02-20T20:57:37Z,16:00,LN|2026-02-20|NIGHT,120,"13,71,16","13,71,16,19,40,61,06,56,14,39,44,52",0.2768225551798398,12,1,120,1,"87,72,63","{'window_used': 120, 'top_score': 0.2768225551798398, 'top12_bottom_score': 0.25932868656197355, 'best_a11': 12}",LN-quiniela-v1
2026-02-21T15:52:29Z,manual,LN|2026-02-21|MID,120,"06,82,52","06,82,52,42,77,20,78,83,18,88,97,91",0.2719047621237212,12,1,120,0,,"{'window_used': 120, 'top_score': 0.2719047621237212, 'top12_bottom_score': 0.26067946915466, 'best_a11': 12}",LN-quiniela-v1
2026-02-21T17:53:23Z,13:00,LN|2026-02-21|MID,120,"06,82,52","06,82,52,42,77,20,78,83,18,88,97,91",0.2719047621237212,12,1,120,0,,"{'window_used': 120, 'top_score': 0.2719047621237212, 'top12_bottom_score': 0.26067946915466, 'best_a11': 12}",LN-quiniela-v1
2026-02-21T18:52:10Z,manual,LN|2026-02-21|NIGHT,120,"13,71,16","13,71,16,19,40,56,61,06,14,39,27,44",0.2769935505481693,12,1,120,1,"12,55,84","{'window_used': 120, 'top_score': 0.2769935505481693, 'top12_bottom_score': 0.2602835186928419, 'best_a11': 12}",LN-quiniela-v1
2026-02-21T20:50:09Z,16:00,LN|2026-02-21|NIGHT,120,"13,71,16","13,71,16,19,40,56,61,06,14,39,27,44",0.2769935505481693,12,1,120,1,"12,55,84","{'window_used': 120, 'top_score': 0.2769935505481693, 'top12_bottom_score': 0.2602835186928419, 'best_a11': 12}",LN-quiniela-v1
2026-02-24T13:01:10Z,manual,LN|2026-02-24|MID,120,"08,25,07","08,25,07,51,19,42,99,28,80,71,23,52",9.5,11,1,120,0,,"{'unique_numbers': 98, 'window_used': 120}",LN-quiniela-v1
2026-02-24T22:51:41Z,manual,LN|2026-02-24|NIGHT,120,"38,79,02","38,79,02,11,35,36,37,58,13,70,68,21",2.827655820589808,8,0,120,1,"37,40,31","{'window_used': 200, 'regime': 'MEAN_REVERSION', 'unique_numbers': 100}",LN-quiniela-v1
2026-02-25T16:55:25Z,manual,LN|2026-02-25|MID,120,"25,19,39","25,19,39,80,99,68,93,60,08,04,26,07",2.3656155282456233,5,0,120,0,,"{'window_used': 200, 'regime': 'MEAN_REVERSION', 'unique_numbers': 100}",LN-quiniela-v1
2026-02-25T17:54:09Z,13:00,LN|2026-02-25|MID,120,"25,19,39","25,19,39,80,99,68,93,60,08,04,26,07",2.3656155282456233,5,0,120,0,,"{'window_used': 200, 'regime': 'MEAN_REVERSION', 'unique_numbers': 100}",LN-quiniela-v1
2026-02-25T20:23:31Z,16:00,LN|2026-02-25|NIGHT,120,"38,79,02","38,79,02,35,11,36,37,58,13,68,21,24",2.8415285766271627,8,0,120,1,"15,80,67","{'window_used': 200, 'regime': 'MEAN_REVERSION', 'unique_numbers': 100}",LN-quiniela-v1
2026-02-26T17:53:58Z,manual,LN|2026-02-26|MID,120,"25,19,39","25,19,39,68,93,60,04,08,26,07,23,80",2.352626524976487,5,0,120,0,,"{'window_used': 200, 'regime': 'MEAN_REVERSION', 'unique_numbers': 100}",LN-quiniela-v1
2026-02-26T20:23:35Z,16:00,LN|2026-02-26|NIGHT,120,"38,79,35","38,79,35,02,11,36,21,58,37,68,13,24",2.8476982730738487,8,0,120,1,"12,94,21","{'window_used': 200, 'regime': 'MEAN_REVERSION', 'unique_numbers': 100}",LN-quiniela-v1
2026-02-27T17:31:08Z,13:00,LN|2026-02-27|MID,120,"19,39,25","19,39,25,68,93,04,08,26,80,07,23,99",2.223864939077531,4,0,120,0,,"{'window_used': 200, 'regime': 'MEAN_REVERSION', 'unique_numbers': 100}",LN-quiniela-v1
2026-02-27T19:34:06Z,manual,LN|2026-02-27|NIGHT,120,"38,79,35","38,79,35,02,36,37,68,11,21,13,00,24",2.8486882133508766,8,0,120,1,"12,94,21","{'window_used': 200, 'regime': 'MEAN_REVERSION', 'unique_numbers': 100}",LN-quiniela-v1
2026-02-27T20:17:02Z,16:00,LN|2026-02-27|NIGHT,120,"38,79,35","38,79,35,02,36,37,68,11,21,13,00,24",2.8486882133508766,8,0,120,1,"12,94,21","{'window_used': 200, 'regime': 'MEAN_REVERSION', 'unique_numbers': 100}",LN-quiniela-v1
2026-02-28T17:16:29Z,13:00,LN|2026-02-28|MID,120,"19,39,25","19,39,25,68,93,04,08,26,80,07,23,99",2.223864939077531,4,0,120,0,,"{'window_used': 200, 'regime': 'MEAN_REVERSION', 'unique_numbers': 100}",LN-quiniela-v1
2026-02-28T20:12:39Z,16:00,LN|2026-02-28|NIGHT,120,"38,79,35","38,79,35,02,36,37,68,11,21,13,00,24",2.8486882133508766,8,0,120,1,"81,48,75","{'window_used': 200, 'regime': 'MEAN_REVERSION', 'unique_numbers': 100}",LN-quiniela-v1
2026-03-01T17:18:41Z,13:00,LN|2026-03-01|MID,120,"19,39,25","19,39,25,68,93,04,80,08,26,07,23,12",2.2342123793645037,4,0,120,0,,"{'window_used': 200, 'regime': 'MEAN_REVERSION', 'unique_numbers': 100}",LN-quiniela-v1
2026-03-01T20:13:07Z,16:00,LN|2026-03-01|NIGHT,120,"38,79,35","38,79,35,02,36,37,68,21,00,11,13,08",2.846001899122684,7,0,120,1,"57,00,53","{'window_used': 200, 'regime': 'MEAN_REVERSION', 'unique_numbers': 100}",LN-quiniela-v1
2026-03-02T17:39:47Z,13:00,LN|2026-03-02|MID,120,"19,39,25","19,39,25,68,93,80,04,08,26,07,12,23",2.2407432026461067,4,0,120,0,,"{'window_used': 200, 'regime': 'MEAN_REVERSION', 'unique_numbers': 100}",LN-quiniela-v1
2026-03-02T20:22:42Z,16:00,LN|2026-03-02|NIGHT,120,"38,79,35","38,79,35,02,08,36,37,68,11,21,00,80",2.84060680239216,7,0,120,1,"55,51,91","{'window_used': 200, 'regime': 'MEAN_REVERSION', 'unique_numbers': 100}",LN-quiniela-v1
2026-03-03T17:39:09Z,13:00,LN|2026-03-03|MID,120,"19,25,68","19,25,68,51,80,04,08,39,12,26,07,23",2.2444269863627313,4,0,120,0,,"{'window_used': 200, 'regime': 'MEAN_REVERSION', 'unique_numbers': 100}",LN-quiniela-v1
2026-03-03T20:20:50Z,16:00,LN|2026-03-03|NIGHT,120,"38,79,35","38,79,35,08,02,11,37,21,00,44,13,48",2.833161477219851,7,0,120,1,"64,53,25","{'window_used': 200, 'regime': 'MEAN_REVERSION', 'unique_numbers': 100}",LN-quiniela-v1
2026-03-04T17:34:33Z,13:00,LN|2026-03-04|MID,120,"19,80,25","19,80,25,68,51,04,12,08,39,26,07,23",2.2459243584308646,5,0,120,0,,"{'window_used': 200, 'regime': 'MEAN_REVERSION', 'unique_numbers': 100}",LN-quiniela-v1
2026-03-04T20:21:07Z,16:00,LN|2026-03-04|NIGHT,120,"38,79,35","38,79,35,08,11,44,21,37,00,13,02,48",2.824133846301401,7,0,120,1,"37,32,21","{'window_used': 200, 'regime': 'MEAN_REVERSION', 'unique_numbers': 99}",LN-quiniela-v1
2026-03-05T18:47:09Z,13:00,LN|2026-03-05|MID,120,"19,80,25","19,80,25,51,04,12,08,39,26,07,37,23",2.2457052842942486,5,0,120,0,,"{'window_used': 200, 'regime': 'MEAN_REVERSION', 'unique_numbers': 100}",LN-quiniela-v1
2026-03-05T20:26:36Z,16:00,LN|2026-03-05|NIGHT,120,"38,79,35","38,79,35,08,11,44,21,00,37,13,68,02",2.813867799823201,7,0,120,1,"44,93,62","{'window_used': 200, 'regime': 'MEAN_REVERSION', 'unique_numbers': 99}",LN-quiniela-v1
2026-03-06T17:30:28Z,13:00,LN|2026-03-06|MID,120,"25,80,51","25,80,51,19,12,04,37,08,39,26,07,23",2.205509178174017,5,0,120,0,,"{'window_used': 200, 'regime': 'MEAN_REVERSION', 'unique_numbers': 100}",LN-quiniela-v1
2026-03-06T20:18:43Z,16:00,LN|2026-03-06|NIGHT,120,"38,79,35","38,79,35,08,11,44,21,00,13,68,24,58",2.802623044309924,7,0,120,1,"55,69,79","{'window_used': 200, 'regime': 'MEAN_REVERSION', 'unique_numbers': 100}",LN-quiniela-v1
2026-03-07T17:17:06Z,13:00,LN|2026-03-07|MID,120,"25,80,51","25,80,51,19,12,37,04,08,39,07,23,68",2.224964133847608,5,0,120,0,,"{'window_used': 200, 'regime': 'MEAN_REVERSION', 'unique_numbers': 100}",LN-quiniela-v1
2026-03-07T20:12:00Z,16:00,LN|2026-03-07|NIGHT,120,"38,79,35","38,79,35,08,11,44,21,00,13,68,61,58",2.7906001411484036,7,0,120,1,"41,15,10","{'window_used': 200, 'regime': 'MEAN_REVERSION', 'unique_numbers': 100}",LN-quiniela-v1
2026-03-08T17:18:30Z,13:00,LN|2026-03-08|MID,120,"25,51,19","25,51,19,80,37,12,15,04,41,08,39,07",2.2366322969359875,4,0,120,0,,"{'window_used': 200, 'regime': 'MEAN_REVERSION', 'unique_numbers': 100}",LN-quiniela-v1
2026-03-08T20:12:35Z,16:00,LN|2026-03-08|NIGHT,120,"38,79,35","38,79,35,08,11,44,21,00,13,68,19,61",2.777956885317414,7,0,120,1,"59,36,79","{'window_used': 200, 'regime': 'MEAN_REVERSION', 'unique_numbers': 100}",LN-quiniela-v1
2026-03-09T17:43:11Z,13:00,LN|2026-03-09|MID,120,"25,51,19","25,51,19,15,37,41,80,12,04,79,08,07",2.2430382268550835,4,0,120,0,,"{'window_used': 200, 'regime': 'MEAN_REVERSION', 'unique_numbers': 100}",LN-quiniela-v1
2026-03-09T20:20:02Z,16:00,LN|2026-03-09|NIGHT,120,"79,38,35","79,38,35,08,11,44,00,21,13,68,19,61",2.5540026866427654,5,0,120,1,"09,66,50","{'window_used': 200, 'regime': 'MEAN_REVERSION', 'unique_numbers': 100}",LN-quiniela-v1
2026-03-10T17:42:19Z,13:00,LN|2026-03-10|MID,120,"25,51,15","25,51,15,41,19,37,79,80,12,08,07,55",2.2456866624243275,5,0,120,0,,"{'window_used': 200, 'regime': 'MEAN_REVERSION', 'unique_numbers': 100}",LN-quiniela-v1
2026-03-10T20:20:48Z,16:00,LN|2026-03-10|NIGHT,120,"79,38,35","79,38,35,68,08,11,44,00,21,13,19,61",2.5426772058708673,5,0,120,1,"53,80,98","{'window_used': 200, 'regime': 'MEAN_REVERSION', 'unique_numbers': 100}",LN-quiniela-v1
2026-03-11T17:44:39Z,13:00,LN|2026-03-11|MID,120,"25,80,15","25,80,15,41,79,37,19,12,51,07,55,21",2.2455462942442788,5,0,120,0,,"{'window_used': 200, 'regime': 'MEAN_REVERSION', 'unique_numbers': 100}",LN-quiniela-v1
2026-03-11T20:21:45Z,16:00,LN|2026-03-11|NIGHT,120,"38,79,35","38,79,35,68,08,44,11,21,19,13,61,84",2.487451762596679,5,0,120,1,"59,46,94","{'window_used': 200, 'regime': 'MEAN_REVERSION', 'unique_numbers': 100}",LN-quiniela-v1
2026-03-12T17:44:57Z,13:00,LN|2026-03-12|MID,120,"25,80,15","25,80,15,79,37,19,12,59,51,55,21,41",2.243276876694188,5,0,120,0,,"{'window_used': 200, 'regime': 'MEAN_REVERSION', 'unique_numbers': 100}",LN-quiniela-v1
2026-03-12T20:21:44Z,16:00,LN|2026-03-12|NIGHT,120,"38,79,68","38,79,68,08,44,11,19,13,21,61,35,84",2.617866185964174,6,0,120,1,"86,84,15","{'window_used': 200, 'regime': 'MEAN_REVERSION', 'unique_numbers': 100}",LN-quiniela-v1
2026-03-13T17:30:32Z,13:00,LN|2026-03-13|MID,120,"25,80,79","25,80,79,37,59,19,12,15,51,55,41,21",2.239347514783623,5,0,120,0,,"{'window_used': 200, 'regime': 'MEAN_REVERSION', 'unique_numbers': 100}",LN-quiniela-v1
2026-03-13T20:20:15Z,16:00,LN|2026-03-13|NIGHT,120,"38,79,68","38,79,68,08,44,11,19,61,13,21,35,84",2.669270656338024,5,0,120,1,"98,27,55","{'window_used': 200, 'regime': 'MEAN_REVERSION', 'unique_numbers': 100}",LN-quiniela-v1
2026-03-14T17:22:07Z,13:00,LN|2026-03-14|MID,120,"80,25,79","80,25,79,59,37,15,55,19,12,51,41,21",2.258870665856993,5,0,120,0,,"{'window_used': 200, 'regime': 'MEAN_REVERSION', 'unique_numbers': 100}",LN-quiniela-v1
2026-03-14T20:14:42Z,16:00,LN|2026-03-14|NIGHT,120,"38,35,79","38,35,79,68,08,44,11,19,61,13,21,84",2.697563847849314,5,0,120,1,"64,01,18","{'window_used': 200, 'regime': 'MEAN_REVERSION', 'unique_numbers': 100}",LN-quiniela-v1
2026-03-15T17:23:08Z,13:00,LN|2026-03-15|MID,120,"80,25,79","80,25,79,59,15,37,19,55,51,41,21,86",2.273780230965231,5,0,120,0,,"{'window_used': 200, 'regime': 'MEAN_REVERSION', 'unique_numbers': 100}",LN-quiniela-v1
2026-03-15T20:15:05Z,16:00,LN|2026-03-15|NIGHT,120,"79,38,08","79,38,08,35,68,44,11,19,61,13,21,84",2.6558827438911874,5,0,120,1,"68,35,40","{'window_used': 200, 'regime': 'MEAN_REVERSION', 'unique_numbers': 100}",LN-quiniela-v1
2026-03-16T05:37:10Z,manual,LN|2026-03-16|MID,120,"25,15,80","15,80,25,55,79,59,93,51,68,19,37,41",1.876552,2,1,120,0,,"{'window_used': 140, 'regime': 'MIXED', 'unique_numbers': 100, 'top5_avg': 1.781473, 'top12_avg': 1.553038, 'separation': 0.228435}",LN-quiniela-v1
2026-03-16T17:56:04Z,13:00,LN|2026-03-16|MID,120,"25,15,80","15,80,25,55,79,59,93,51,68,19,37,41",1.876552,2,1,120,0,,"{'window_used': 140, 'regime': 'MIXED', 'unique_numbers': 100, 'top5_avg': 1.781473, 'top12_avg': 1.553038, 'separation': 0.228435}",LN-quiniela-v1
2026-03-16T20:26:07Z,16:00,LN|2026-03-16|NIGHT,120,"38,79,61","79,38,35,61,08,11,68,21,30,19,44,13",2.458861,3,1,120,1,"29,11,42","{'window_used': 140, 'regime': 'MIXED', 'unique_numbers': 100, 'top5_avg': 2.05506, 'top12_avg': 1.741507, 'separation': 0.313553}",LN-quiniela-v1
2026-03-17T17:54:15Z,13:00,LN|2026-03-17|MID,120,"25,15,80","15,55,80,25,79,59,93,51,68,19,41,53",1.858749,3,1,120,0,,"{'window_used': 140, 'regime': 'MIXED', 'unique_numbers': 100, 'top5_avg': 1.770053, 'top12_avg': 1.538479, 'separation': 0.231574}",LN-quiniela-v1
2026-03-17T20:26:42Z,16:00,LN|2026-03-17|NIGHT,120,"38,79,08","79,38,35,19,61,08,11,21,68,30,44,13",2.428394,2,1,120,1,"92,50,66","{'window_used': 140, 'regime': 'MIXED', 'unique_numbers': 100, 'top5_avg': 2.039068, 'top12_avg': 1.744494, 'separation': 0.294574}",LN-quiniela-v1
2026-03-18T17:57:08Z,13:00,LN|2026-03-18|MID,120,"15,25,80","15,55,80,25,59,79,68,51,93,19,66,41",1.839999,4,1,120,0,,"{'window_used': 140, 'regime': 'MIXED', 'unique_numbers': 100, 'top5_avg': 1.734061, 'top12_avg': 1.511535, 'separation': 0.222527}",LN-quiniela-v1
2026-03-18T20:24:10Z,16:00,LN|2026-03-18|NIGHT,120,"79,38,08","79,38,35,19,08,61,11,21,68,30,44,13",2.446645,4,1,120,1,"66,98,78","{'window_used': 140, 'regime': 'MIXED', 'unique_numbers': 100, 'top5_avg': 2.022442, 'top12_avg': 1.725247, 'separation': 0.297195}",LN-quiniela-v1
2026-03-19T17:50:36Z,13:00,LN|2026-03-19|MID,120,"15,25,80","15,55,80,66,25,59,98,79,68,51,93,19",1.798706,4,1,120,0,,"{'window_used': 140, 'regime': 'MIXED', 'unique_numbers': 100, 'top5_avg': 1.738144, 'top12_avg': 1.538755, 'separation': 0.199389}",LN-quiniela-v1
2026-03-19T20:24:32Z,16:00,LN|2026-03-19|NIGHT,120,"79,38,08","79,38,61,19,35,08,11,21,68,30,44,95",2.469331,3,1,120,1,"29,79,45","{'window_used': 140, 'regime': 'MIXED', 'unique_numbers': 100, 'top5_avg': 2.081828, 'top12_avg': 1.734978, 'separation': 0.346851}",LN-quiniela-v1
2026-03-20T17:32:00Z,13:00,LN|2026-03-20|MID,120,"80,25,15","79,15,66,80,55,25,59,98,29,68,51,93",1.810036,4,1,120,0,,"{'window_used': 140, 'regime': 'MIXED', 'unique_numbers': 100, 'top5_avg': 1.742615, 'top12_avg': 1.560573, 'separation': 0.182041}",LN-quiniela-v1
2026-03-20T20:19:08Z,16:00,LN|2026-03-20|NIGHT,120,"79,38,61","79,38,19,61,35,08,11,68,21,30,44,95",2.441213,3,1,120,1,"94,19,94","{'window_used': 140, 'regime': 'MIXED', 'unique_numbers': 100, 'top5_avg': 2.121765, 'top12_avg': 1.735293, 'separation': 0.386472}",LN-quiniela-v1
2026-03-21T17:21:16Z,13:00,LN|2026-03-21|MID,120,"80,25,15","79,94,66,15,80,55,25,19,98,59,29,68",1.758965,3,1,120,0,,"{'window_used': 140, 'regime': 'MIXED', 'unique_numbers': 100, 'top5_avg': 1.725322, 'top12_avg': 1.604807, 'separation': 0.120515}",LN-quiniela-v1
2026-03-21T20:13:03Z,16:00,LN|2026-03-21|NIGHT,120,"79,38,61","79,38,19,61,08,35,21,68,11,30,44,95",2.412692,3,1,120,1,"68,32,43","{'window_used': 140, 'regime': 'MIXED', 'unique_numbers': 100, 'top5_avg': 2.140935, 'top12_avg': 1.769932, 'separation': 0.371003}",LN-quiniela-v1
2026-03-22T17:21:02Z,13:00,LN|2026-03-22|MID,120,"15,25,80","79,15,94,66,68,25,55,80,19,98,59,29",1.795001,2,0,120,0,,"{'window_used': 170, 'regime': 'MIXED', 'unique_numbers': 100, 'top5_avg': 1.751408, 'top12_avg': 1.663214, 'separation': 0.088194}",LN-quiniela-v1
2026-03-22T20:13:16Z,16:00,LN|2026-03-22|NIGHT,120,"79,38,61","79,38,19,35,61,08,21,44,11,68,13,30",2.384006,2,1,120,1,"07,98,36","{'window_used': 170, 'regime': 'MIXED', 'unique_numbers': 100, 'top5_avg': 2.176871, 'top12_avg': 1.837994, 'separation': 0.338878}",LN-quiniela-v1
2026-03-23T17:47:35Z,13:00,LN|2026-03-23|MID,120,"15,25,79","98,79,15,94,66,68,25,55,80,19,59,29",1.85203,1,0,120,0,,"{'window_used': 170, 'regime': 'MIXED', 'unique_numbers': 100, 'top5_avg': 1.772949, 'top12_avg': 1.673797, 'separation': 0.099152}",LN-quiniela-v1
2026-03-23T20:27:08Z,16:00,LN|2026-03-23|NIGHT,120,"79,38,35","79,19,35,38,61,08,21,44,68,30,11,95",2.306904,2,1,120,1,"84,46,81","{'window_used': 140, 'regime': 'MIXED', 'unique_numbers': 100, 'top5_avg': 2.129502, 'top12_avg': 1.783192, 'separation': 0.34631}",LN-quiniela-v1
2026-03-24T17:51:42Z,13:00,LN|2026-03-24|MID,120,"15,79,25","98,79,68,15,66,94,25,19,55,84,80,29",1.848915,1,0,120,0,,"{'window_used': 170, 'regime': 'MIXED', 'unique_numbers': 100, 'top5_avg': 1.768251, 'top12_avg': 1.675021, 'separation': 0.09323}",LN-quiniela-v1
2026-03-24T20:29:32Z,16:00,LN|2026-03-24|NIGHT,120,"79,38,35","79,19,35,38,08,61,21,44,68,30,11,27",2.278288,2,1,120,1,"62,97,26","{'window_used': 140, 'regime': 'MIXED', 'unique_numbers': 100, 'top5_avg': 2.089901, 'top12_avg': 1.760246, 'separation': 0.329655}",LN-quiniela-v1
2026-03-25T09:28:28Z,manual,LN|2026-03-25|MID,120,"15,55,68","98,68,94,79,66,19,55,15,84,80,25,29",1.675732,1,1,120,0,,"{'window_used': 120, 'regime': 'MIXED', 'unique_numbers': 100, 'top5_avg': 1.605533, 'top12_avg': 1.511939, 'separation': 0.093594, 'mid_today': ''}",LN-quiniela-v3-mid-night
2026-03-25T17:54:12Z,13:00,LN|2026-03-25|MID,120,"15,55,68","98,68,94,79,66,19,55,15,84,80,25,29",1.675732,1,1,120,0,,"{'window_used': 120, 'regime': 'MIXED', 'unique_numbers': 100, 'top5_avg': 1.605533, 'top12_avg': 1.511939, 'separation': 0.093594, 'mid_today': ''}",LN-quiniela-v3-mid-night
2026-03-25T20:26:38Z,16:00,LN|2026-03-25|NIGHT,120,"79,19,38","79,19,35,38,61,08,21,44,57,68,95,11",2.126824,3,1,120,1,"40,20,94","{'window_used': 120, 'regime': 'CONDITIONAL_EDGE', 'unique_numbers': 100, 'top5_avg': 1.953482, 'top12_avg': 1.655014, 'separation': 0.298467, 'mid_today': '40,20,94'}",LN-quiniela-v3-mid-night
2026-03-26T17:57:32Z,13:00,LN|2026-03-26|MID,120,"66,15,68","94,98,68,66,79,19,15,55,84,80,25,40",1.889759,2,1,120,0,,"{'window_used': 120, 'regime': 'MIXED', 'unique_numbers': 100, 'top5_avg': 1.661382, 'top12_avg': 1.524233, 'separation': 0.137149, 'mid_today': ''}",LN-quiniela-v3-mid-night
2026-03-26T20:24:48Z,16:00,LN|2026-03-26|NIGHT,120,"79,19,61","79,19,35,61,38,08,21,44,57,85,68,82",2.460485,3,1,120,1,"01,46,62","{'window_used': 120, 'regime': 'CONDITIONAL_EDGE', 'unique_numbers': 100, 'top5_avg': 2.000375, 'top12_avg': 1.678145, 'separation': 0.32223, 'mid_today': '01,46,62'}",LN-quiniela-v3-mid-night
2026-03-27T17:28:21Z,manual,LN|2026-03-27|MID,120,"98,15,79","94,98,68,66,79,19,15,84,62,55,80,25",1.881117,3,1,120,0,,"{'window_used': 120, 'regime': 'MIXED', 'unique_numbers': 100, 'top5_avg': 1.652027, 'top12_avg': 1.523544, 'separation': 0.128483, 'mid_today': ''}",LN-quiniela-v3-mid-night
2026-03-27T17:44:32Z,13:00,LN|2026-03-27|MID,120,"98,15,79","94,98,68,66,79,19,15,84,62,55,80,25",1.881117,3,1,120,0,,"{'window_used': 120, 'regime': 'MIXED', 'unique_numbers': 100, 'top5_avg': 1.652027, 'top12_avg': 1.523544, 'separation': 0.128483, 'mid_today': ''}",LN-quiniela-v3-mid-night
2026-03-27T20:24:07Z,16:00,LN|2026-03-27|NIGHT,120,"79,35,38","79,19,35,38,61,08,68,21,57,85,44,11",2.400048,4,1,120,1,"35,61,98","{'window_used': 120, 'regime': 'CONDITIONAL_EDGE', 'unique_numbers': 100, 'top5_avg': 1.998322, 'top12_avg': 1.698146, 'separation': 0.300177, 'mid_today': '35,61,98'}",LN-quiniela-v3-mid-night
2026-03-28T17:24:17Z,13:00,LN|2026-03-28|MID,120,"79,66,19","98,94,66,79,68,19,84,62,15,55,80,25",1.998687,4,1,120,0,,"{'window_used': 120, 'regime': 'MIXED', 'unique_numbers': 100, 'top5_avg': 1.679013, 'top12_avg': 1.524341, 'separation': 0.154672, 'mid_today': ''}",LN-quiniela-v3-mid-night
2026-03-28T20:16:37Z,16:00,LN|2026-03-28|NIGHT,120,"79,19,38","79,19,35,57,38,61,08,21,68,54,44,85",2.37637,4,1,120,1,"50,04,11","{'window_used': 120, 'regime': 'CONDITIONAL_EDGE', 'unique_numbers': 100, 'top5_avg': 1.938327, 'top12_avg': 1.709012, 'separation': 0.229316, 'mid_today': '50,04,11'}",LN-quiniela-v3-mid-night
2026-03-29T17:21:09Z,manual,LN|2026-03-29|MID,120,"94,98,66","94,98,66,68,79,19,50,84,62,15,55,80",1.992344,4,1,120,0,,"{'window_used': 120, 'regime': 'MIXED', 'unique_numbers': 100, 'top5_avg': 1.688339, 'top12_avg': 1.52867, 'separation': 0.159669, 'mid_today': ''}",LN-quiniela-v3-mid-night
2026-03-29T17:25:40Z,13:00,LN|2026-03-29|MID,120,"94,98,66","94,98,66,68,79,19,50,84,62,15,55,80",1.992344,4,1,120,0,,"{'window_used': 120, 'regime': 'MIXED', 'unique_numbers': 100, 'top5_avg': 1.688339, 'top12_avg': 1.52867, 'separation': 0.159669, 'mid_today': ''}",LN-quiniela-v3-mid-night
2026-03-29T19:11:04Z,manual,LN|2026-03-29|NIGHT,120,"79,61,19","79,19,35,57,38,61,08,21,68,85,54,84",2.406032,4,1,120,1,"85,62,71","{'window_used': 120, 'regime': 'CONDITIONAL_EDGE', 'unique_numbers': 100, 'top5_avg': 1.92159, 'top12_avg': 1.700693, 'separation': 0.220897, 'mid_today': '85,62,71'}",LN-quiniela-v3-mid-night
2026-03-29T20:18:27Z,16:00,LN|2026-03-29|NIGHT,120,"79,61,19","79,19,35,57,38,61,08,21,68,85,54,84",2.406032,4,1,120,1,"85,62,71","{'window_used': 120, 'regime': 'CONDITIONAL_EDGE', 'unique_numbers': 100, 'top5_avg': 1.92159, 'top12_avg': 1.700693, 'separation': 0.220897, 'mid_today': '85,62,71'}",LN-quiniela-v3-mid-night
2026-03-30T17:41:55Z,manual,LN|2026-03-30|MID,120,"94,98,79","98,94,62,68,79,19,66,84,15,50,55,80",1.973186,3,1,120,0,,"{'window_used': 120, 'regime': 'MIXED', 'unique_numbers': 100, 'top5_avg': 1.72485, 'top12_avg': 1.532942, 'separation': 0.191908, 'mid_today': ''}",LN-quiniela-v3-mid-night
2026-03-30T17:50:26Z,13:00,LN|2026-03-30|MID,120,"94,98,79","98,94,62,68,79,19,66,84,15,50,55,80",1.973186,3,1,120,0,,"{'window_used': 120, 'regime': 'MIXED', 'unique_numbers': 100, 'top5_avg': 1.72485, 'top12_avg': 1.532942, 'separation': 0.191908, 'mid_today': ''}",LN-quiniela-v3-mid-night
2026-03-30T20:32:50Z,16:00,LN|2026-03-30|NIGHT,120,"79,35,19","79,19,35,57,38,84,61,08,68,21,54,44",2.358463,3,1,120,1,"33,92,41","{'window_used': 120, 'regime': 'CONDITIONAL_EDGE', 'unique_numbers': 100, 'top5_avg': 1.902402, 'top12_avg': 1.698028, 'separation': 0.204374, 'mid_today': '33,92,41'}",LN-quiniela-v3-mid-night
2026-03-31T17:52:17Z,13:00,LN|2026-03-31|MID,120,"94,98,79","98,94,62,68,79,19,84,66,15,50,55,46",1.975991,3,1,120,0,,"{'window_used': 120, 'regime': 'MIXED', 'unique_numbers': 100, 'top5_avg': 1.71296, 'top12_avg': 1.513888, 'separation': 0.199072, 'mid_today': ''}",LN-quiniela-v3-mid-night
2026-03-31T20:31:35Z,16:00,LN|2026-03-31|NIGHT,120,"79,19,08","79,21,19,57,35,84,08,38,68,61,54,44",2.335295,2,1,120,1,"64,06,99","{'window_used': 120, 'regime': 'CONDITIONAL_EDGE', 'unique_numbers': 100, 'top5_avg': 1.92392, 'top12_avg': 1.717244, 'separation': 0.206676, 'mid_today': '64,06,99'}",LN-quiniela-v3-mid-night
2026-04-01T17:33:34Z,manual,LN|2026-04-01|MID,120,"98,94,19","98,94,62,68,19,50,84,79,66,15,46,55",1.955457,3,1,120,0,,"{'window_used': 120, 'regime': 'MIXED', 'unique_numbers': 100, 'top5_avg': 1.690629, 'top12_avg': 1.498285, 'separation': 0.192343, 'mid_today': ''}",LN-quiniela-v3-mid-night
2026-04-01T17:44:42Z,13:00,LN|2026-04-01|MID,120,"98,94,19","98,94,62,68,19,50,84,79,66,15,46,55",1.955457,3,1,120,0,,"{'window_used': 120, 'regime': 'MIXED', 'unique_numbers': 100, 'top5_avg': 1.690629, 'top12_avg': 1.498285, 'separation': 0.192343, 'mid_today': ''}",LN-quiniela-v3-mid-night
2026-04-01T20:32:36Z,16:00,LN|2026-04-01|NIGHT,120,"79,19,21","79,84,21,57,19,35,38,08,68,61,11,54",2.296864,3,1,120,1,"27,72,16","{'window_used': 120, 'regime': 'CONDITIONAL_EDGE', 'unique_numbers': 100, 'top5_avg': 1.968203, 'top12_avg': 1.724392, 'separation': 0.243811, 'mid_today': '27,72,16'}",LN-quiniela-v3-mid-night
2026-04-02T17:44:46Z,13:00,LN|2026-04-02|MID,120,"98,94,62","98,62,94,68,50,79,19,66,84,46,15,55",1.93422,3,1,120,0,,"{'window_used': 120, 'regime': 'MIXED', 'unique_numbers': 100, 'top5_avg': 1.669393, 'top12_avg': 1.474949, 'separation': 0.194444, 'mid_today': ''}",LN-quiniela-v3-mid-night
2026-04-02T20:22:56Z,16:00,LN|2026-04-02|NIGHT,120,"79,57,19","79,84,57,21,19,35,38,68,08,61,11,54",2.268364,3,1,120,1,"27,72,16","{'window_used': 120, 'regime': 'CONDITIONAL_EDGE', 'unique_numbers': 100, 'top5_avg': 1.949983, 'top12_avg': 1.698042, 'separation': 0.25194, 'mid_today': '27,72,16'}",LN-quiniela-v3-mid-night
2026-04-03T17:29:22Z,13:00,LN|2026-04-03|MID,120,"98,94,62","98,62,94,68,50,79,19,66,84,46,15,55",1.93422,3,1,120,0,,"{'window_used': 120, 'regime': 'MIXED', 'unique_numbers': 100, 'top5_avg': 1.669393, 'top12_avg': 1.474949, 'separation': 0.194444, 'mid_today': ''}",LN-quiniela-v3-mid-night
2026-04-03T20:22:10Z,16:00,LN|2026-04-03|NIGHT,120,"79,57,19","79,84,57,21,19,35,38,68,08,61,11,54",2.268364,3,1,120,1,"27,72,16","{'window_used': 120, 'regime': 'CONDITIONAL_EDGE', 'unique_numbers': 100, 'top5_avg': 1.949983, 'top12_avg': 1.698042, 'separation': 0.25194, 'mid_today': '27,72,16'}",LN-quiniela-v3-mid-night
2026-04-04T17:25:03Z,13:00,LN|2026-04-04|MID,120,"98,94,62","98,62,94,27,50,68,79,66,72,46,15,41",1.892614,3,1,120,0,,"{'window_used': 120, 'regime': 'MIXED', 'unique_numbers': 100, 'top5_avg': 1.665287, 'top12_avg': 1.462258, 'separation': 0.203028, 'mid_today': ''}",LN-quiniela-v3-mid-night
2026-04-04T20:16:48Z,16:00,LN|2026-04-04|NIGHT,120,"79,57,19","79,84,57,21,19,38,35,68,08,61,11,55",2.239921,4,1,120,1,"27,72,16","{'window_used': 120, 'regime': 'CONDITIONAL_EDGE', 'unique_numbers': 100, 'top5_avg': 1.935719, 'top12_avg': 1.678468, 'separation': 0.257251, 'mid_today': '27,72,16'}",LN-quiniela-v3-mid-night
2026-04-05T17:25:33Z,13:00,LN|2026-04-05|MID,120,"98,94,62","98,62,94,27,50,68,79,66,72,46,15,41",1.892614,3,1,120,0,,"{'window_used': 120, 'regime': 'MIXED', 'unique_numbers': 100, 'top5_avg': 1.665287, 'top12_avg': 1.462258, 'separation': 0.203028, 'mid_today': ''}",LN-quiniela-v3-mid-night
2026-04-05T20:18:55Z,16:00,LN|2026-04-05|NIGHT,120,"79,57,19","79,84,57,21,19,61,38,35,68,08,54,11",2.219921,4,1,120,1,"54,63,42","{'window_used': 120, 'regime': 'CONDITIONAL_EDGE', 'unique_numbers': 100, 'top5_avg': 1.927719, 'top12_avg': 1.687414, 'separation': 0.240306, 'mid_today': '54,63,42'}",LN-quiniela-v3-mid-night
2026-04-06T17:39:58Z,13:00,LN|2026-04-06|MID,120,"98,94,62","62,98,94,27,50,68,79,66,72,46,64,15",1.845734,4,1,120,0,,"{'window_used': 120, 'regime': 'MIXED', 'unique_numbers': 100, 'top5_avg': 1.650558, 'top12_avg': 1.448684, 'separation': 0.201875, 'mid_today': ''}",LN-quiniela-v3-mid-night
2026-04-06T20:29:48Z,16:00,LN|2026-04-06|NIGHT,120,"79,19,21","79,84,21,57,19,35,38,61,68,11,08,59",2.201617,4,1,120,1,"91,99,33","{'window_used': 120, 'regime': 'CONDITIONAL_EDGE', 'unique_numbers': 100, 'top5_avg': 1.907875, 'top12_avg': 1.67143, 'separation': 0.236445, 'mid_today': '91,99,33'}",LN-quiniela-v3-mid-night
2026-04-07T17:24:47Z,manual,LN|2026-04-07|MID,120,"98,94,62","62,98,94,27,99,50,72,79,66,68,64,41",1.825816,4,1,120,0,,"{'window_used': 120, 'regime': 'MIXED', 'unique_numbers': 100, 'top5_avg': 1.646007, 'top12_avg': 1.441401, 'separation': 0.204606, 'mid_today': ''}",LN-quiniela-v3-mid-night
2026-04-07T17:54:25Z,13:00,LN|2026-04-07|MID,120,"98,94,62","62,98,94,27,99,50,72,79,66,68,64,41",1.825816,4,1,120,0,,"{'window_used': 120, 'regime': 'MIXED', 'unique_numbers': 100, 'top5_avg': 1.646007, 'top12_avg': 1.441401, 'separation': 0.204606, 'mid_today': ''}",LN-quiniela-v3-mid-night
2026-04-07T20:33:25Z,16:00,LN|2026-04-07|NIGHT,120,"79,19,21","79,84,08,21,57,19,38,35,68,61,54,11",2.173509,3,1,120,1,"44,89,24","{'window_used': 120, 'regime': 'CONDITIONAL_EDGE', 'unique_numbers': 100, 'top5_avg': 1.924134, 'top12_avg': 1.68217, 'separation': 0.241964, 'mid_today': '44,89,24'}",LN-quiniela-v3-mid-night
2026-04-08T17:58:30Z,manual,LN|2026-04-08|MID,120,"98,94,62","98,62,94,27,99,72,50,79,66,68,64,41",1.783237,3,1,120,0,,"{'window_used': 120, 'regime': 'MIXED', 'unique_numbers': 100, 'top5_avg': 1.627859, 'top12_avg': 1.428514, 'separation': 0.199346, 'mid_today': ''}",LN-quiniela-v3-mid-night
2026-04-08T18:03:52Z,13:00,LN|2026-04-08|MID,120,"98,94,62","98,62,94,27,99,72,50,79,66,68,64,41",1.783237,3,1,120,0,,"{'window_used': 120, 'regime': 'MIXED', 'unique_numbers': 100, 'top5_avg': 1.627859, 'top12_avg': 1.428514, 'separation': 0.199346, 'mid_today': ''}",LN-quiniela-v3-mid-night
2026-04-08T20:30:21Z,16:00,LN|2026-04-08|NIGHT,120,"79,21,84","79,84,21,08,57,19,38,35,61,68,11,55",2.135636,4,1,120,1,"21,47,73","{'window_used': 120, 'regime': 'CONDITIONAL_EDGE', 'unique_numbers': 100, 'top5_avg': 1.908416, 'top12_avg': 1.665081, 'separation': 0.243335, 'mid_today': '21,47,73'}",LN-quiniela-v3-mid-night
2026-04-09T17:47:11Z,manual,LN|2026-04-09|MID,120,"98,94,62","98,62,94,27,99,72,50,79,68,64,66,41",1.761555,3,1,120,0,,"{'window_used': 120, 'regime': 'MIXED', 'unique_numbers': 100, 'top5_avg': 1.601771, 'top12_avg': 1.405835, 'separation': 0.195936, 'mid_today': ''}",LN-quiniela-v3-mid-night
2026-04-09T17:55:56Z,13:00,LN|2026-04-09|MID,120,"98,94,62","98,62,94,27,99,72,50,79,68,64,66,41",1.761555,3,1,120,0,,"{'window_used': 120, 'regime': 'MIXED', 'unique_numbers': 100, 'top5_avg': 1.601771, 'top12_avg': 1.405835, 'separation': 0.195936, 'mid_today': ''}",LN-quiniela-v3-mid-night
2026-04-09T20:38:23Z,16:00,LN|2026-04-09|NIGHT,120,"79,84,19","84,79,08,21,57,19,35,38,11,68,61,55",2.068506,5,1,120,1,"12,93,33","{'window_used': 120, 'regime': 'CONDITIONAL_EDGE', 'unique_numbers': 100, 'top5_avg': 1.860188, 'top12_avg': 1.639524, 'separation': 0.220664, 'mid_today': '12,93,33'}",LN-quiniela-v3-mid-night
2026-04-10T17:42:59Z,13:00,LN|2026-04-10|MID,120,"98,94,62","98,62,94,27,33,99,72,50,79,68,64,41",1.720012,3,1,120,0,,"{'window_used': 120, 'regime': 'MIXED', 'unique_numbers': 100, 'top5_avg': 1.579199, 'top12_avg': 1.40308, 'separation': 0.176119, 'mid_today': ''}",LN-quiniela-v3-mid-night
2026-04-10T20:23:09Z,16:00,LN|2026-04-10|NIGHT,120,"79,84,08","79,84,08,21,19,57,38,35,11,68,61,59",2.092709,5,1,120,1,"09,29,48","{'window_used': 120, 'regime': 'CONDITIONAL_EDGE', 'unique_numbers': 100, 'top5_avg': 1.884494, 'top12_avg': 1.634494, 'separation': 0.25, 'mid_today': '09,29,48'}",LN-quiniela-v3-mid-night
2026-04-11T17:26:54Z,13:00,LN|2026-04-11|MID,120,"62,98,94","62,98,94,99,27,33,72,50,93,68,64,79",1.657256,4,1,120,0,,"{'window_used': 120, 'regime': 'MIXED', 'unique_numbers': 100, 'top5_avg': 1.561172, 'top12_avg': 1.388021, 'separation': 0.173151, 'mid_today': ''}",LN-quiniela-v3-mid-night
2026-04-11T20:19:00Z,16:00,LN|2026-04-11|NIGHT,120,"79,84,21","84,79,08,21,19,57,38,35,11,68,61,55",2.080983,5,1,120,1,"23,82,79","{'window_used': 120, 'regime': 'CONDITIONAL_EDGE', 'unique_numbers': 100, 'top5_avg': 1.843911, 'top12_avg': 1.593851, 'separation': 0.25006, 'mid_today': '23,82,79'}",LN-quiniela-v3-mid-night
2026-04-12T17:29:43Z,13:00,LN|2026-04-12|MID,120,"62,98,94","62,98,94,79,27,99,33,72,93,68,29,41",1.637278,4,1,120,0,,"{'window_used': 120, 'regime': 'MIXED', 'unique_numbers': 100, 'top5_avg': 1.567402, 'top12_avg': 1.402963, 'separation': 0.164439, 'mid_today': ''}",LN-quiniela-v3-mid-night
2026-04-12T20:21:38Z,16:00,LN|2026-04-12|NIGHT,120,"79,84,08","84,79,08,21,19,57,38,35,11,68,61,55",1.973283,5,1,120,1,"01,88,49","{'window_used': 120, 'regime': 'CONDITIONAL_EDGE', 'unique_numbers': 100, 'top5_avg': 1.788971, 'top12_avg': 1.576194, 'separation': 0.212777, 'mid_today': '01,88,49'}",LN-quiniela-v3-mid-night
2026-04-13T17:56:12Z,13:00,LN|2026-04-13|MID,120,"62,98,94","98,62,79,94,27,33,99,72,01,93,29,41",1.612489,4,1,120,0,,"{'window_used': 120, 'regime': 'MIXED', 'unique_numbers': 100, 'top5_avg': 1.542385, 'top12_avg': 1.398332, 'separation': 0.144053, 'mid_today': ''}",LN-quiniela-v3-mid-night
2026-04-13T20:41:06Z,16:00,LN|2026-04-13|NIGHT,120,"84,79,08","84,79,08,21,57,38,19,35,61,55,68,11",1.91571,6,1,120,1,"37,62,44","{'window_used': 120, 'regime': 'CONDITIONAL_EDGE', 'unique_numbers': 100, 'top5_avg': 1.744046, 'top12_avg': 1.543823, 'separation': 0.200222, 'mid_today': '37,62,44'}",LN-quiniela-v3-mid-night
2026-04-14T17:56:46Z,manual,LN|2026-04-14|MID,120,"98,62,94","62,98,79,94,27,99,33,44,72,01,93,29",1.910529,4,1,120,0,,"{'window_used': 120, 'regime': 'MIXED', 'unique_numbers': 100, 'top5_avg': 1.592148, 'top12_avg': 1.428571, 'separation': 0.163577, 'mid_today': ''}",LN-quiniela-v3-mid-night
2026-04-14T17:59:41Z,13:00,LN|2026-04-14|MID,120,"98,62,94","62,98,79,94,27,99,33,44,72,01,93,29",1.910529,4,1,120,0,,"{'window_used': 120, 'regime': 'MIXED', 'unique_numbers': 100, 'top5_avg': 1.592148, 'top12_avg': 1.428571, 'separation': 0.163577, 'mid_today': ''}",LN-quiniela-v3-mid-night
2026-04-14T20:40:33Z,16:00,LN|2026-04-14|NIGHT,120,"84,79,08","84,79,08,68,21,57,19,61,38,11,35,55",1.952305,5,1,120,1,"61,03,84","{'window_used': 120, 'regime': 'CONDITIONAL_EDGE', 'unique_numbers': 100, 'top5_avg': 1.765511, 'top12_avg': 1.545796, 'separation': 0.219715, 'mid_today': '61,03,84'}",LN-quiniela-v3-mid-night
2026-04-15T18:02:22Z,13:00,LN|2026-04-15|MID,120,"62,98,79","62,79,98,94,27,33,44,99,84,72,01,93",1.901907,3,1,120,0,,"{'window_used': 120, 'regime': 'MIXED', 'unique_numbers': 100, 'top5_avg': 1.583497, 'top12_avg': 1.425724, 'separation': 0.157774, 'mid_today': ''}",LN-quiniela-v3-mid-night
2026-04-15T20:35:58Z,16:00,LN|2026-04-15|NIGHT,120,"79,84,08","79,84,08,68,21,37,19,57,55,38,35,61",1.823415,4,1,120,1,"51,53,18","{'window_used': 120, 'regime': 'CONDITIONAL_EDGE', 'unique_numbers': 100, 'top5_avg': 1.728021, 'top12_avg': 1.547283, 'separation': 0.180738, 'mid_today': '51,53,18'}",LN-quiniela-v3-mid-night
2026-04-16T17:57:52Z,manual,LN|2026-04-16|MID,120,"62,98,79","62,79,98,94,44,33,27,99,01,84,72,93",1.865926,3,1,120,0,,"{'window_used': 120, 'regime': 'MIXED', 'unique_numbers': 100, 'top5_avg': 1.562668, 'top12_avg': 1.410396, 'separation': 0.152272, 'mid_today': ''}",LN-quiniela-v3-mid-night
2026-04-16T18:04:29Z,13:00,LN|2026-04-16|MID,120,"62,98,79","62,79,98,94,44,33,27,99,01,84,72,93",1.865926,3,1,120,0,,"{'window_used': 120, 'regime': 'MIXED', 'unique_numbers': 100, 'top5_avg': 1.562668, 'top12_avg': 1.410396, 'separation': 0.152272, 'mid_today': ''}",LN-quiniela-v3-mid-night
2026-04-16T20:36:54Z,16:00,LN|2026-04-16|NIGHT,120,"84,79,08","21,84,79,08,68,61,37,57,19,38,35,25",1.924193,3,1,120,1,"27,42,24","{'window_used': 120, 'regime': 'CONDITIONAL_EDGE', 'unique_numbers': 100, 'top5_avg': 1.769579, 'top12_avg': 1.565191, 'separation': 0.204388, 'mid_today': '27,42,24'}",LN-quiniela-v3-mid-night
2026-04-17T17:24:07Z,manual,LN|2026-04-17|MID,120,"62,79,98","62,27,79,98,44,33,94,99,42,01,84,93",1.88317,2,1,120,0,,"{'window_used': 120, 'regime': 'MIXED', 'unique_numbers': 100, 'top5_avg': 1.601971, 'top12_avg': 1.426651, 'separation': 0.17532, 'mid_today': ''}",LN-quiniela-v3-mid-night
2026-04-17T17:44:01Z,13:00,LN|2026-04-17|MID,120,"62,79,98","62,27,79,98,44,33,94,99,42,01,84,93",1.88317,2,1,120,0,,"{'window_used': 120, 'regime': 'MIXED', 'unique_numbers': 100, 'top5_avg': 1.601971, 'top12_avg': 1.426651, 'separation': 0.17532, 'mid_today': ''}",LN-quiniela-v3-mid-night
2026-04-17T20:33:09Z,16:00,LN|2026-04-17|NIGHT,120,"84,21,79","21,84,79,68,08,61,37,38,19,78,25,57",1.920365,3,1,120,1,"26,24,98","{'window_used': 120, 'regime': 'CONDITIONAL_EDGE', 'unique_numbers': 100, 'top5_avg': 1.767359, 'top12_avg': 1.54876, 'separation': 0.218599, 'mid_today': '26,24,98'}",LN-quiniela-v3-mid-night
2026-04-18T17:32:33Z,13:00,LN|2026-04-18|MID,120,"62,27,79","62,98,27,79,44,33,94,24,84,99,01,42",1.843068,2,1,120,0,,"{'window_used': 120, 'regime': 'MIXED', 'unique_numbers': 100, 'top5_avg': 1.652402, 'top12_avg': 1.449172, 'separation': 0.20323, 'mid_today': ''}",LN-quiniela-v3-mid-night
2026-04-18T20:22:59Z,16:00,LN|2026-04-18|NIGHT,120,"21,79,84","21,79,84,68,08,37,61,19,38,57,13,78",1.924183,3,1,120,1,"92,20,67","{'window_used': 120, 'regime': 'CONDITIONAL_EDGE', 'unique_numbers': 100, 'top5_avg': 1.74133, 'top12_avg': 1.531151, 'separation': 0.210179, 'mid_today': '92,20,67'}",LN-quiniela-v3-mid-night
2026-04-19T17:31:32Z,13:00,LN|2026-04-19|MID,120,"62,98,27","62,98,27,79,44,94,24,33,84,99,01,42",1.822257,2,1,120,0,,"{'window_used': 120, 'regime': 'MIXED', 'unique_numbers': 100, 'top5_avg': 1.633904, 'top12_avg': 1.427613, 'separation': 0.206291, 'mid_today': ''}",LN-quiniela-v3-mid-night
2026-04-19T20:23:34Z,16:00,LN|2026-04-19|NIGHT,120,"21,79,84","21,79,84,68,61,08,37,99,19,13,38,40",1.881228,3,1,120,1,"50,63,46","{'window_used': 120, 'regime': 'CONDITIONAL_EDGE', 'unique_numbers': 100, 'top5_avg': 1.708569, 'top12_avg': 1.529073, 'separation': 0.179496, 'mid_today': '50,63,46'}",LN-quiniela-v3-mid-night
2026-04-20T17:52:48Z,manual,LN|2026-04-20|MID,120,"62,98,27","62,98,27,79,50,44,46,94,33,84,42,24",1.801071,3,1,120,0,,"{'window_used': 120, 'regime': 'MIXED', 'unique_numbers': 100, 'top5_avg': 1.627728, 'top12_avg': 1.435307, 'separation': 0.192421, 'mid_today': ''}",LN-quiniela-v3-mid-night
2026-04-20T20:33:43Z,16:00,LN|2026-04-20|NIGHT,120,"21,79,84","21,79,84,68,08,61,37,99,19,94,38,35",1.920931,4,1,120,1,"33,20,05","{'window_used': 120, 'regime': 'CONDITIONAL_EDGE', 'unique_numbers': 100, 'top5_avg': 1.686353, 'top12_avg': 1.521498, 'separation': 0.164855, 'mid_today': '33,20,05'}",LN-quiniela-v3-mid-night
2026-04-21T17:15:46Z,manual,LN|2026-04-21|MID,120,"62,98,27","98,62,27,33,20,79,50,44,46,94,84,42",1.812314,2,1,120,0,,"{'window_used': 120, 'regime': 'MIXED', 'unique_numbers': 100, 'top5_avg': 1.664198, 'top12_avg': 1.470923, 'separation': 0.193275, 'mid_today': ''}",LN-quiniela-v3-mid-night
2026-04-21T17:56:35Z,13:00,LN|2026-04-21|MID,120,"62,98,27","98,62,27,33,20,79,50,44,46,94,84,42",1.812314,2,1,120,0,,"{'window_used': 120, 'regime': 'MIXED', 'unique_numbers': 100, 'top5_avg': 1.664198, 'top12_avg': 1.470923, 'separation': 0.193275, 'mid_today': ''}",LN-quiniela-v3-mid-night
2026-04-21T20:38:28Z,16:00,LN|2026-04-21|NIGHT,120,"21,08,79","21,79,84,68,08,61,37,99,94,19,38,78",1.834926,4,1,120,1,"06,67,65","{'window_used': 120, 'regime': 'CONDITIONAL_EDGE', 'unique_numbers': 100, 'top5_avg': 1.66049, 'top12_avg': 1.498164, 'separation': 0.162327, 'mid_today': '06,67,65'}",LN-quiniela-v3-mid-night
2026-04-22T17:56:52Z,13:00,LN|2026-04-22|MID,120,"62,98,79","98,62,33,27,20,79,50,44,46,67,94,84",1.792675,2,1,120,0,,"{'window_used': 120, 'regime': 'MIXED', 'unique_numbers': 100, 'top5_avg': 1.612301, 'top12_avg': 1.446168, 'separation': 0.166132, 'mid_today': ''}",LN-quiniela-v3-mid-night
2026-04-22T20:41:09Z,16:00,LN|2026-04-22|NIGHT,120,"21,84,79","21,79,84,08,99,61,37,68,19,94,38,40",1.85355,5,1,120,1,"23,04,32","{'window_used': 120, 'regime': 'CONDITIONAL_EDGE', 'unique_numbers': 100, 'top5_avg': 1.635465, 'top12_avg': 1.480933, 'separation': 0.154532, 'mid_today': '23,04,32'}",LN-quiniela-v3-mid-night
2026-04-23T16:42:19Z,manual,LN|2026-04-23|MID,120,"62,98,79","98,62,33,27,20,50,79,46,44,67,23,94",1.77232,2,1,120,0,,"{'window_used': 120, 'regime': 'MIXED', 'unique_numbers': 100, 'top5_avg': 1.596488, 'top12_avg': 1.44218, 'separation': 0.154308, 'mid_today': ''}",LN-quiniela-v3-mid-night
2026-04-23T18:03:39Z,13:00,LN|2026-04-23|MID,120,"62,98,79","98,62,33,27,20,50,79,46,44,67,23,94",1.77232,2,1,120,0,,"{'window_used': 120, 'regime': 'MIXED', 'unique_numbers': 100, 'top5_avg': 1.596488, 'top12_avg': 1.44218, 'separation': 0.154308, 'mid_today': ''}",LN-quiniela-v3-mid-night
2026-04-23T20:41:48Z,16:00,LN|2026-04-23|NIGHT,120,"21,84,79","21,79,84,68,61,99,37,08,94,19,40,38",1.79355,5,1,120,1,"64,67,96","{'window_used': 120, 'regime': 'CONDITIONAL_EDGE', 'unique_numbers': 100, 'top5_avg': 1.636441, 'top12_avg': 1.4901, 'separation': 0.146341, 'mid_today': '64,67,96'}",LN-quiniela-v3-mid-night
2026-04-24T17:45:24Z,13:00,LN|2026-04-24|MID,120,"62,98,33","98,62,67,33,20,27,50,79,46,44,94,23",1.751583,3,1,120,0,,"{'window_used': 120, 'regime': 'MIXED', 'unique_numbers': 100, 'top5_avg': 1.632705, 'top12_avg': 1.456477, 'separation': 0.176228, 'mid_today': ''}",LN-quiniela-v3-mid-night
2026-04-24T20:33:37Z,16:00,LN|2026-04-24|NIGHT,120,"21,84,79","21,79,84,08,61,99,68,37,94,42,19,40",1.832,5,1,120,1,"53,94,23","{'window_used': 120, 'regime': 'CONDITIONAL_EDGE', 'unique_numbers': 100, 'top5_avg': 1.603294, 'top12_avg': 1.470747, 'separation': 0.132547, 'mid_today': '53,94,23'}",LN-quiniela-v3-mid-night
2026-04-25T17:33:31Z,13:00,LN|2026-04-25|MID,120,"62,98,33","98,62,67,23,33,94,20,53,27,50,79,46",1.730662,2,1,120,0,,"{'window_used': 120, 'regime': 'MIXED', 'unique_numbers': 100, 'top5_avg': 1.649955, 'top12_avg': 1.512733, 'separation': 0.137222, 'mid_today': ''}",LN-quiniela-v3-mid-night
2026-04-25T20:25:50Z,16:00,LN|2026-04-25|NIGHT,120,"21,79,84","21,79,84,61,37,99,08,68,42,38,40,19",1.856403,5,1,120,1,"23,71,39","{'window_used': 120, 'regime': 'CONDITIONAL_EDGE', 'unique_numbers': 100, 'top5_avg': 1.606507, 'top12_avg': 1.467729, 'separation': 0.138778, 'mid_today': '23,71,39'}",LN-quiniela-v3-mid-night
2026-04-26T17:34:18Z,13:00,LN|2026-04-26|MID,120,"98,62,33","23,98,67,62,94,33,20,53,27,50,79,46",2.000102,2,1,120,0,,"{'window_used': 120, 'regime': 'MIXED', 'unique_numbers': 100, 'top5_avg': 1.704406, 'top12_avg': 1.527958, 'separation': 0.176448, 'mid_today': ''}",LN-quiniela-v3-mid-night
2026-04-26T20:25:58Z,16:00,LN|2026-04-26|NIGHT,120,"21,84,79","68,21,84,79,08,61,99,57,37,42,43,94",1.831359,5,1,120,1,"58,91,85","{'window_used': 120, 'regime': 'CONDITIONAL_EDGE', 'unique_numbers': 100, 'top5_avg': 1.648522, 'top12_avg': 1.491798, 'separation': 0.156723, 'mid_today': '58,91,85'}",LN-quiniela-v3-mid-night
2026-04-27T18:02:22Z,13:00,LN|2026-04-27|MID,120,"62,98,33","23,67,98,62,94,33,20,53,27,50,79,46",1.989805,3,1,120,0,,"{'window_used': 120, 'regime': 'MIXED', 'unique_numbers': 100, 'top5_avg': 1.694653, 'top12_avg': 1.517771, 'separation': 0.176882, 'mid_today': ''}",LN-quiniela-v3-mid-night
2026-04-27T20:48:39Z,16:00,LN|2026-04-27|NIGHT,120,"21,79,08","68,21,79,84,08,61,99,57,37,54,42,43",1.750434,5,1,120,1,"01,06,80","{'window_used': 120, 'regime': 'CONDITIONAL_EDGE', 'unique_numbers': 100, 'top5_avg': 1.622749, 'top12_avg': 1.465152, 'separation': 0.157597, 'mid_today': '01,06,80'}",LN-quiniela-v3-mid-night
2026-04-28T18:13:47Z,13:00,LN|2026-04-28|MID,120,"62,98,33","23,67,98,94,62,33,20,06,53,27,01,50",1.972177,3,1,120,0,,"{'window_used': 120, 'regime': 'MIXED', 'unique_numbers': 100, 'top5_avg': 1.683886, 'top12_avg': 1.520261, 'separation': 0.163625, 'mid_today': ''}",LN-quiniela-v3-mid-night
2026-04-28T20:56:49Z,16:00,LN|2026-04-28|NIGHT,120,"21,79,84","68,21,79,84,99,61,08,57,54,42,43,94",1.736126,5,1,120,1,"46,74,29","{'window_used': 120, 'regime': 'CONDITIONAL_EDGE', 'unique_numbers': 100, 'top5_avg': 1.609105, 'top12_avg': 1.450288, 'separation': 0.158817, 'mid_today': '46,74,29'}",LN-quiniela-v3-mid-night
2026-04-29T18:04:32Z,manual,LN|2026-04-29|MID,120,"98,62,33","23,67,46,98,94,62,33,20,06,53,01,29",1.987796,2,1,120,0,,"{'window_used': 120, 'regime': 'MIXED', 'unique_numbers': 100, 'top5_avg': 1.687201, 'top12_avg': 1.532557, 'separation': 0.154644, 'mid_today': ''}",LN-quiniela-v3-mid-night
2026-04-29T18:08:29Z,13:00,LN|2026-04-29|MID,120,"98,62,33","23,67,46,98,94,62,33,20,06,53,01,29",1.987796,2,1,120,0,,"{'window_used': 120, 'regime': 'MIXED', 'unique_numbers': 100, 'top5_avg': 1.687201, 'top12_avg': 1.532557, 'separation': 0.154644, 'mid_today': ''}",LN-quiniela-v3-mid-night
2026-04-29T20:48:57Z,16:00,LN|2026-04-29|NIGHT,120,"68,21,79","68,08,43,21,79,84,99,61,57,42,54,59",1.815016,3,1,120,1,"48,41,78","{'window_used': 120, 'regime': 'CONDITIONAL_EDGE', 'unique_numbers': 100, 'top5_avg': 1.703795, 'top12_avg': 1.508822, 'separation': 0.194973, 'mid_today': '48,41,78'}",LN-quiniela-v3-mid-night
2026-04-30T17:28:30Z,manual,LN|2026-04-30|MID,120,"67,62,98","23,67,46,94,62,98,33,06,20,53,01,29",1.966096,3,1,120,0,,"{'window_used': 120, 'regime': 'MIXED', 'unique_numbers': 100, 'top5_avg': 1.673736, 'top12_avg': 1.521721, 'separation': 0.152016, 'mid_today': ''}",LN-quiniela-v3-mid-night
2026-04-30T18:06:53Z,13:00,LN|2026-04-30|MID,120,"67,62,98","23,67,46,94,62,98,33,06,20,53,01,29",1.966096,3,1,120,0,,"{'window_used': 120, 'regime': 'MIXED', 'unique_numbers': 100, 'top5_avg': 1.673736, 'top12_avg': 1.521721, 'separation': 0.152016, 'mid_today': ''}",LN-quiniela-v3-mid-night
2026-04-30T20:48:13Z,16:00,LN|2026-04-30|NIGHT,120,"79,08,21","08,68,43,21,79,99,84,57,61,54,42,59",1.793746,3,1,120,1,"02,79,06","{'window_used': 120, 'regime': 'CONDITIONAL_EDGE', 'unique_numbers': 100, 'top5_avg': 1.666548, 'top12_avg': 1.487226, 'separation': 0.179322, 'mid_today': '02,79,06'}",LN-quiniela-v3-mid-night
2026-05-01T04:17:16Z,manual,LN|2026-05-01|MID,120,"23,67,62","23,06,67,46,79,94,62,98,33,01,20,53",2.003709,2,1,120,0,,"{'window_used': 120, 'regime': 'MIXED', 'unique_numbers': 100, 'top5_avg': 1.71966, 'top12_avg': 1.554338, 'separation': 0.165322, 'mid_today': ''}",LN-quiniela-v3-mid-night
2026-05-01T17:54:38Z,13:00,LN|2026-05-01|MID,120,"23,67,62","23,06,67,46,79,94,62,98,33,01,20,53",2.003709,2,1,120,0,,"{'window_used': 120, 'regime': 'MIXED', 'unique_numbers': 100, 'top5_avg': 1.71966, 'top12_avg': 1.554338, 'separation': 0.165322, 'mid_today': ''}",LN-quiniela-v3-mid-night
2026-05-01T20:39:46Z,16:00,LN|2026-05-01|NIGHT,120,"84,68,08","21,68,08,96,43,84,79,99,54,57,61,42",1.934023,1,1,120,1,"84,65,36","{'window_used': 120, 'regime': 'CONDITIONAL_EDGE', 'unique_numbers': 100, 'top5_avg': 1.714687, 'top12_avg': 1.524694, 'separation': 0.189993, 'mid_today': '84,65,36'}",LN-quiniela-v3-mid-night
2026-05-02T17:39:25Z,13:00,LN|2026-05-02|MID,120,"23,67,62","23,06,67,46,94,79,62,98,84,33,01,20",1.960971,3,1,120,0,,"{'window_used': 120, 'regime': 'MIXED', 'unique_numbers': 100, 'top5_avg': 1.68464, 'top12_avg': 1.537438, 'separation': 0.147202, 'mid_today': ''}",LN-quiniela-v3-mid-night
2026-05-02T20:28:53Z,16:00,LN|2026-05-02|NIGHT,120,"21,68,08","21,96,08,68,43,94,79,84,57,99,54,61",2.044448,1,1,120,1,"20,97,20","{'window_used': 120, 'regime': 'CONDITIONAL_EDGE', 'unique_numbers': 100, 'top5_avg': 1.819129, 'top12_avg': 1.564085, 'separation': 0.255044, 'mid_today': '20,97,20'}",LN-quiniela-v3-mid-night
2026-05-03T17:38:58Z,manual,LN|2026-05-03|MID,120,"23,67,62","20,23,06,67,46,79,94,62,98,84,33,01",2.064365,2,1,120,0,,"{'window_used': 120, 'regime': 'MIXED', 'unique_numbers': 100, 'top5_avg': 1.791881, 'top12_avg': 1.581521, 'separation': 0.21036, 'mid_today': ''}",LN-quiniela-v3-mid-night
2026-05-03T17:41:57Z,13:00,LN|2026-05-03|MID,120,"23,67,62","20,23,06,67,46,79,94,62,98,84,33,01",2.064365,2,1,120,0,,"{'window_used': 120, 'regime': 'MIXED', 'unique_numbers': 100, 'top5_avg': 1.791881, 'top12_avg': 1.581521, 'separation': 0.21036, 'mid_today': ''}",LN-quiniela-v3-mid-night
2026-05-03T20:29:55Z,16:00,LN|2026-05-03|NIGHT,120,"21,68,08","21,96,08,68,43,79,94,84,57,61,59,11",1.99753,2,1,120,1,"36,59,21","{'window_used': 120, 'regime': 'CONDITIONAL_EDGE', 'unique_numbers': 100, 'top5_avg': 1.790919, 'top12_avg': 1.553335, 'separation': 0.237585, 'mid_today': '36,59,21'}",LN-quiniela-v3-mid-night
2026-05-04T18:11:08Z,13:00,LN|2026-05-04|MID,120,"23,20,67","20,23,06,67,46,79,94,98,62,36,84,33",2.053345,2,1,120,0,,"{'window_used': 120, 'regime': 'MIXED', 'unique_numbers': 100, 'top5_avg': 1.764445, 'top12_avg': 1.570495, 'separation': 0.19395, 'mid_today': ''}",LN-quiniela-v3-mid-night
2026-05-04T20:55:22Z,16:00,LN|2026-05-04|NIGHT,120,"21,68,08","21,96,79,08,43,68,94,84,61,11,57,99",1.963849,1,1,120,1,"76,62,19","{'window_used': 120, 'regime': 'CONDITIONAL_EDGE', 'unique_numbers': 100, 'top5_avg': 1.807233, 'top12_avg': 1.555596, 'separation': 0.251636, 'mid_today': '76,62,19'}",LN-quiniela-v3-mid-night
2026-05-05T17:20:01Z,manual,LN|2026-05-05|MID,120,"23,20,67","20,23,62,06,67,46,79,94,98,84,36,33",2.035003,3,1,120,0,,"{'window_used': 120, 'regime': 'MIXED', 'unique_numbers': 100, 'top5_avg': 1.780881, 'top12_avg': 1.580616, 'separation': 0.200265, 'mid_today': ''}",LN-quiniela-v3-mid-night
2026-05-05T18:07:14Z,13:00,LN|2026-05-05|MID,120,"23,20,67","20,23,62,06,67,46,79,94,98,84,36,33",2.035003,3,1,120,0,,"{'window_used': 120, 'regime': 'MIXED', 'unique_numbers': 100, 'top5_avg': 1.780881, 'top12_avg': 1.580616, 'separation': 0.200265, 'mid_today': ''}",LN-quiniela-v3-mid-night
2026-05-05T20:50:47Z,16:00,LN|2026-05-05|NIGHT,120,"21,68,08","96,21,79,08,43,68,94,57,84,54,11,78",1.96693,3,1,120,1,"68,50,93","{'window_used': 120, 'regime': 'CONDITIONAL_EDGE', 'unique_numbers': 100, 'top5_avg': 1.791682, 'top12_avg': 1.545922, 'separation': 0.24576, 'mid_today': '68,50,93'}",LN-quiniela-v3-mid-night
2026-05-06T17:17:34Z,manual,LN|2026-05-06|MID,120,"23,20,06","20,23,62,06,50,46,79,67,94,98,84,36",2.04992,2,1,120,0,,"{'window_used': 120, 'regime': 'MIXED', 'unique_numbers': 100, 'top5_avg': 1.783292, 'top12_avg': 1.587663, 'separation': 0.195629, 'mid_today': ''}",LN-quiniela-v3-mid-night
2026-05-06T18:11:45Z,13:00,LN|2026-05-06|MID,120,"23,20,06","20,23,62,06,50,46,79,67,94,98,84,36",2.04992,2,1,120,0,,"{'window_used': 120, 'regime': 'MIXED', 'unique_numbers': 100, 'top5_avg': 1.783292, 'top12_avg': 1.587663, 'separation': 0.195629, 'mid_today': ''}",LN-quiniela-v3-mid-night
2026-05-06T21:00:18Z,16:00,LN|2026-05-06|NIGHT,120,"21,08,79","96,21,79,08,43,68,42,94,11,84,54,57",1.925842,3,1,120,1,"74,65,02","{'window_used': 120, 'regime': 'CONDITIONAL_EDGE', 'unique_numbers': 100, 'top5_avg': 1.761563, 'top12_avg': 1.540633, 'separation': 0.22093, 'mid_today': '74,65,02'}",LN-quiniela-v3-mid-night
2026-05-07T18:12:53Z,manual,LN|2026-05-07|MID,120,"23,20,06","20,23,62,06,50,46,79,67,36,98,84,94",2.027527,3,1,120,0,,"{'window_used': 120, 'regime': 'MIXED', 'unique_numbers': 100, 'top5_avg': 1.758175, 'top12_avg': 1.56702, 'separation': 0.191155, 'mid_today': ''}",LN-quiniela-v3-mid-night
2026-05-07T18:22:54Z,13:00,LN|2026-05-07|MID,120,"23,20,06","20,23,62,06,50,46,79,67,36,98,84,94",2.027527,3,1,120,0,,"{'window_used': 120, 'regime': 'MIXED', 'unique_numbers': 100, 'top5_avg': 1.758175, 'top12_avg': 1.56702, 'separation': 0.191155, 'mid_today': ''}",LN-quiniela-v3-mid-night
2026-05-07T20:54:58Z,16:00,LN|2026-05-07|NIGHT,120,"21,43,79","96,21,79,43,08,42,68,94,74,84,11,57",1.904059,3,1,120,1,"39,42,82","{'window_used': 120, 'regime': 'CONDITIONAL_EDGE', 'unique_numbers': 100, 'top5_avg': 1.755036, 'top12_avg': 1.544927, 'separation': 0.210109, 'mid_today': '39,42,82'}",LN-quiniela-v3-mid-night
2026-05-08T17:29:22Z,manual,LN|2026-05-08|MID,120,"23,20,06","20,62,23,06,50,46,79,67,36,84,94,65",2.004459,3,1,120,0,,"{'window_used': 120, 'regime': 'MIXED', 'unique_numbers': 100, 'top5_avg': 1.738071, 'top12_avg': 1.547504, 'separation': 0.190566, 'mid_today': ''}",LN-quiniela-v3-mid-night
2026-05-08T18:05:45Z,13:00,LN|2026-05-08|MID,120,"23,20,06","20,62,23,06,50,46,79,67,36,84,94,65",2.004459,3,1,120,0,,"{'window_used': 120, 'regime': 'MIXED', 'unique_numbers': 100, 'top5_avg': 1.738071, 'top12_avg': 1.547504, 'separation': 0.190566, 'mid_today': ''}",LN-quiniela-v3-mid-night
2026-05-08T20:43:49Z,16:00,LN|2026-05-08|NIGHT,120,"21,96,43","96,21,79,08,43,68,94,42,74,84,78,54",1.941916,5,1,120,1,"93,64,13","{'window_used': 120, 'regime': 'CONDITIONAL_EDGE', 'unique_numbers': 100, 'top5_avg': 1.735329, 'top12_avg': 1.523893, 'separation': 0.211436, 'mid_today': '93,64,13'}",LN-quiniela-v3-mid-night
2026-05-09T17:18:44Z,manual,LN|2026-05-09|MID,120,"23,20,62","20,62,23,06,50,93,46,79,67,36,84,65",1.96105,3,1,120,0,,"{'window_used': 120, 'regime': 'MIXED', 'unique_numbers': 100, 'top5_avg': 1.708833, 'top12_avg': 1.541058, 'separation': 0.167775, 'mid_today': ''}",LN-quiniela-v3-mid-night
2026-05-09T17:43:58Z,13:00,LN|2026-05-09|MID,120,"23,20,62","20,62,23,06,50,93,46,79,67,36,84,65",1.96105,3,1,120,0,,"{'window_used': 120, 'regime': 'MIXED', 'unique_numbers': 100, 'top5_avg': 1.708833, 'top12_avg': 1.541058, 'separation': 0.167775, 'mid_today': ''}",LN-quiniela-v3-mid-night
2026-05-09T20:32:15Z,16:00,LN|2026-05-09|NIGHT,120,"96,21,08","96,21,79,08,43,42,68,74,94,84,78,55",1.914387,4,1,120,1,"73,51,86","{'window_used': 120, 'regime': 'CONDITIONAL_EDGE', 'unique_numbers': 100, 'top5_avg': 1.701767, 'top12_avg': 1.503885, 'separation': 0.197882, 'mid_today': '73,51,86'}",LN-quiniela-v3-mid-night
2026-05-10T17:21:49Z,manual,LN|2026-05-10|MID,120,"23,20,62","20,62,23,93,06,50,36,46,65,79,67,84",1.937498,3,1,120,0,,"{'window_used': 120, 'regime': 'MIXED', 'unique_numbers': 100, 'top5_avg': 1.681894, 'top12_avg': 1.52874, 'separation': 0.153154, 'mid_today': ''}",LN-quiniela-v3-mid-night
2026-05-10T17:44:30Z,13:00,LN|2026-05-10|MID,120,"23,20,62","20,62,23,93,06,50,36,46,65,79,67,84",1.937498,3,1,120,0,,"{'window_used': 120, 'regime': 'MIXED', 'unique_numbers': 100, 'top5_avg': 1.681894, 'top12_avg': 1.52874, 'separation': 0.153154, 'mid_today': ''}",LN-quiniela-v3-mid-night
2026-05-10T20:35:22Z,16:00,LN|2026-05-10|NIGHT,120,"96,21,79","96,21,79,08,84,43,42,68,17,74,94,37",1.883023,5,1,120,1,"70,81,90","{'window_used': 120, 'regime': 'CONDITIONAL_EDGE', 'unique_numbers': 100, 'top5_avg': 1.6958, 'top12_avg': 1.540277, 'separation': 0.155524, 'mid_today': '70,81,90'}",LN-quiniela-v3-mid-night
2026-05-11T17:19:31Z,manual,LN|2026-05-11|MID,120,"20,23,62","20,62,23,93,06,50,36,65,79,46,67,84",1.943927,4,1,120,0,,"{'window_used': 120, 'regime': 'MIXED', 'unique_numbers': 100, 'top5_avg': 1.656022, 'top12_avg': 1.505085, 'separation': 0.150937, 'mid_today': ''}",LN-quiniela-v3-mid-night
2026-05-11T18:54:00Z,13:00,LN|2026-05-11|NIGHT,120,"21,96,79","96,21,79,84,08,68,17,42,37,43,74,94",1.841693,5,1,120,1,"31,87,69","{'window_used': 120, 'regime': 'CONDITIONAL_EDGE', 'unique_numbers': 100, 'top5_avg': 1.659923, 'top12_avg': 1.5178, 'separation': 0.142123, 'mid_today': '31,87,69'}",LN-quiniela-v3-mid-night
2026-05-11T21:07:24Z,16:00,LN|2026-05-11|NIGHT,120,"21,96,79","96,21,79,84,08,68,17,42,37,43,74,94",1.841693,5,1,120,1,"31,87,69","{'window_used': 120, 'regime': 'CONDITIONAL_EDGE', 'unique_numbers': 100, 'top5_avg': 1.659923, 'top12_avg': 1.5178, 'separation': 0.142123, 'mid_today': '31,87,69'}",LN-quiniela-v3-mid-night
2026-05-12T18:00:52Z,manual,LN|2026-05-12|MID,120,"20,23,62","20,62,23,93,06,50,36,79,65,46,64,67",1.920423,5,1,120,0,,"{'window_used': 120, 'regime': 'MIXED', 'unique_numbers': 100, 'top5_avg': 1.640059, 'top12_avg': 1.483329, 'separation': 0.15673, 'mid_today': ''}",LN-quiniela-v3-mid-night
2026-05-12T18:52:57Z,13:00,LN|2026-05-12|NIGHT,120,"96,21,08","96,21,79,08,84,42,17,43,68,74,94,37",1.836453,5,1,120,1,"48,10,95","{'window_used': 120, 'regime': 'CONDITIONAL_EDGE', 'unique_numbers': 100, 'top5_avg': 1.642621, 'top12_avg': 1.506074, 'separation': 0.136547, 'mid_today': '48,10,95'}",LN-quiniela-v3-mid-night
2026-05-12T21:08:14Z,16:00,LN|2026-05-12|NIGHT,120,"96,21,08","96,21,79,08,84,42,17,43,68,74,94,37",1.836453,5,1,120,1,"48,10,95","{'window_used': 120, 'regime': 'CONDITIONAL_EDGE', 'unique_numbers': 100, 'top5_avg': 1.642621, 'top12_avg': 1.506074, 'separation': 0.136547, 'mid_today': '48,10,95'}",LN-quiniela-v3-mid-night
2026-05-13T18:03:43Z,manual,LN|2026-05-13|MID,120,"20,23,06","20,62,23,93,06,50,36,65,46,64,79,67",1.897043,5,1,120,0,,"{'window_used': 120, 'regime': 'MIXED', 'unique_numbers': 100, 'top5_avg': 1.59485, 'top12_avg': 1.451836, 'separation': 0.143014, 'mid_today': ''}",LN-quiniela-v3-mid-night
2026-05-13T18:53:45Z,13:00,LN|2026-05-13|NIGHT,120,"79,96,21","96,21,79,84,08,17,42,74,68,43,37,63",1.731347,4,1,120,1,"90,78,80","{'window_used': 120, 'regime': 'CONDITIONAL_EDGE', 'unique_numbers': 100, 'top5_avg': 1.620247, 'top12_avg': 1.491927, 'separation': 0.12832, 'mid_today': '90,78,80'}",LN-quiniela-v3-mid-night
2026-05-13T21:14:12Z,16:00,LN|2026-05-13|NIGHT,120,"79,96,21","96,21,79,84,08,17,42,74,68,43,37,63",1.731347,4,1,120,1,"90,78,80","{'window_used': 120, 'regime': 'CONDITIONAL_EDGE', 'unique_numbers': 100, 'top5_avg': 1.620247, 'top12_avg': 1.491927, 'separation': 0.12832, 'mid_today': '90,78,80'}",LN-quiniela-v3-mid-night
2026-05-14T17:19:03Z,manual,LN|2026-05-14|MID,120,"20,23,93","20,62,93,23,06,50,36,46,65,79,64,67",1.873828,5,1,120,0,,"{'window_used': 120, 'regime': 'MIXED', 'unique_numbers': 100, 'top5_avg': 1.585637, 'top12_avg': 1.428279, 'separation': 0.157359, 'mid_today': ''}",LN-quiniela-v3-mid-night
2026-05-14T18:50:32Z,13:00,LN|2026-05-14|NIGHT,120,"21,96,08","21,96,84,79,08,17,37,42,74,63,68,43",1.720849,4,1,120,1,"38,24,22","{'window_used': 120, 'regime': 'CONDITIONAL_EDGE', 'unique_numbers': 100, 'top5_avg': 1.586312, 'top12_avg': 1.482622, 'separation': 0.103691, 'mid_today': '38,24,22'}",LN-quiniela-v3-mid-night
2026-05-14T21:01:15Z,16:00,LN|2026-05-14|NIGHT,120,"21,96,08","21,96,84,79,08,17,37,42,74,63,68,43",1.720849,4,1,120,1,"38,24,22","{'window_used': 120, 'regime': 'CONDITIONAL_EDGE', 'unique_numbers': 100, 'top5_avg': 1.586312, 'top12_avg': 1.482622, 'separation': 0.103691, 'mid_today': '38,24,22'}",LN-quiniela-v3-mid-night
2026-05-15T17:28:20Z,manual,LN|2026-05-15|MID,120,"20,23,62","20,62,93,23,50,06,36,46,65,64,79,80",1.762808,6,1,120,0,,"{'window_used': 120, 'regime': 'MIXED', 'unique_numbers': 100, 'top5_avg': 1.542275, 'top12_avg': 1.396855, 'separation': 0.145419, 'mid_today': ''}",LN-quiniela-v3-mid-night
2026-05-15T18:17:53Z,13:00,LN|2026-05-15|MID,120,"20,23,62","20,62,93,23,50,06,36,46,65,64,79,80",1.762808,6,1,120,0,,"{'window_used': 120, 'regime': 'MIXED', 'unique_numbers': 100, 'top5_avg': 1.542275, 'top12_avg': 1.396855, 'separation': 0.145419, 'mid_today': ''}",LN-quiniela-v3-mid-night
2026-05-15T20:47:20Z,16:00,LN|2026-05-15|NIGHT,120,"96,21,79","96,21,79,84,82,74,17,42,08,43,37,68",1.625648,4,1,120,1,"40,14,75","{'window_used': 120, 'regime': 'CONDITIONAL_EDGE', 'unique_numbers': 100, 'top5_avg': 1.569547, 'top12_avg': 1.471089, 'separation': 0.098458, 'mid_today': '40,14,75'}",LN-quiniela-v3-mid-night
2026-05-16T17:23:40Z,manual,LN|2026-05-16|MID,120,"20,62,23","20,62,93,23,50,06,46,65,64,79,80,36",1.740005,6,1,120,0,,"{'window_used': 120, 'regime': 'MIXED', 'unique_numbers': 100, 'top5_avg': 1.519462, 'top12_avg': 1.376234, 'separation': 0.143228, 'mid_today': ''}",LN-quiniela-v3-mid-night
2026-05-16T17:51:42Z,13:00,LN|2026-05-16|MID,120,"20,62,23","20,62,93,23,50,06,46,65,64,79,80,36",1.740005,6,1,120,0,,"{'window_used': 120, 'regime': 'MIXED', 'unique_numbers': 100, 'top5_avg': 1.519462, 'top12_avg': 1.376234, 'separation': 0.143228, 'mid_today': ''}",LN-quiniela-v3-mid-night
2026-05-16T20:36:03Z,16:00,LN|2026-05-16|NIGHT,120,"96,21,79","96,21,40,82,17,79,84,08,74,63,42,37",1.665095,4,1,120,1,"16,76,71","{'window_used': 120, 'regime': 'CONDITIONAL_EDGE', 'unique_numbers': 100, 'top5_avg': 1.580539, 'top12_avg': 1.47751, 'separation': 0.103029, 'mid_today': '16,76,71'}",LN-quiniela-v3-mid-night
2026-05-17T17:51:03Z,manual,LN|2026-05-17|MID,120,"20,23,62","20,62,93,23,50,80,06,46,65,64,79,36",1.717437,5,1,120,0,,"{'window_used': 120, 'regime': 'MIXED', 'unique_numbers': 100, 'top5_avg': 1.478914, 'top12_avg': 1.35385, 'separation': 0.125064, 'mid_today': ''}",LN-quiniela-v3-mid-night
2026-05-17T17:54:12Z,13:00,LN|2026-05-17|MID,120,"20,23,62","20,62,93,23,50,80,06,46,65,64,79,36",1.717437,5,1,120,0,,"{'window_used': 120, 'regime': 'MIXED', 'unique_numbers': 100, 'top5_avg': 1.478914, 'top12_avg': 1.35385, 'separation': 0.125064, 'mid_today': ''}",LN-quiniela-v3-mid-night
2026-05-17T20:28:14Z,manual,LN|2026-05-17|NIGHT,120,"79,96,21","96,79,21,40,82,17,84,08,42,37,63,74",1.609758,4,1,120,1,"77,79,92","{'window_used': 120, 'regime': 'CONDITIONAL_EDGE', 'unique_numbers': 100, 'top5_avg': 1.57527, 'top12_avg': 1.467748, 'separation': 0.107522, 'mid_today': '77,79,92'}",LN-quiniela-v3-mid-night
2026-05-17T20:37:26Z,16:00,LN|2026-05-17|NIGHT,120,"79,96,21","96,79,21,40,82,17,84,08,42,37,63,74",1.609758,4,1,120,1,"77,79,92","{'window_used': 120, 'regime': 'CONDITIONAL_EDGE', 'unique_numbers': 100, 'top5_avg': 1.57527, 'top12_avg': 1.467748, 'separation': 0.107522, 'mid_today': '77,79,92'}",LN-quiniela-v3-mid-night
2026-05-18T17:48:23Z,manual,LN|2026-05-18|MID,120,"20,23,93","20,79,62,23,93,50,46,80,65,64,36,67",1.695115,5,1,120,0,,"{'window_used': 120, 'regime': 'MIXED', 'unique_numbers': 100, 'top5_avg': 1.506557, 'top12_avg': 1.353177, 'separation': 0.153381, 'mid_today': ''}",LN-quiniela-v3-mid-night
2026-05-18T18:28:08Z,13:00,LN|2026-05-18|MID,120,"20,23,93","20,79,62,23,93,50,46,80,65,64,36,67",1.695115,5,1,120,0,,"{'window_used': 120, 'regime': 'MIXED', 'unique_numbers': 100, 'top5_avg': 1.506557, 'top12_avg': 1.353177, 'separation': 0.153381, 'mid_today': ''}",LN-quiniela-v3-mid-night
2026-05-18T20:59:32Z,16:00,LN|2026-05-18|NIGHT,120,"96,21,84","96,82,21,40,84,78,79,17,08,63,68,42",1.614646,3,1,120,1,"92,66,64","{'window_used': 120, 'regime': 'CONDITIONAL_EDGE', 'unique_numbers': 100, 'top5_avg': 1.552282, 'top12_avg': 1.454265, 'separation': 0.098018, 'mid_today': '92,66,64'}",LN-quiniela-v3-mid-night
2026-05-19T17:52:25Z,manual,LN|2026-05-19|MID,120,"20,62,79","20,64,79,92,62,23,93,50,80,46,36,24",1.673048,3,1,120,0,,"{'window_used': 120, 'regime': 'MIXED', 'unique_numbers': 100, 'top5_avg': 1.546132, 'top12_avg': 1.384513, 'separation': 0.161618, 'mid_today': ''}",LN-quiniela-v3-mid-night
2026-05-19T18:56:38Z,13:00,LN|2026-05-19|NIGHT,120,"96,79,21","96,40,21,79,82,78,84,17,08,88,37,63",1.629767,3,1,120,1,"95,79,99","{'window_used': 120, 'regime': 'CONDITIONAL_EDGE', 'unique_numbers': 100, 'top5_avg': 1.555186, 'top12_avg': 1.443996, 'separation': 0.11119, 'mid_today': '95,79,99'}",LN-quiniela-v3-mid-night
2026-05-19T21:09:05Z,16:00,LN|2026-05-19|NIGHT,120,"96,79,21","96,40,21,79,82,78,84,17,08,88,37,63",1.629767,3,1,120,1,"95,79,99","{'window_used': 120, 'regime': 'CONDITIONAL_EDGE', 'unique_numbers': 100, 'top5_avg': 1.555186, 'top12_avg': 1.443996, 'separation': 0.11119, 'mid_today': '95,79,99'}",LN-quiniela-v3-mid-night
2026-05-20T17:21:21Z,manual,LN|2026-05-20|MID,120,"20,62,93","79,20,64,92,62,23,93,50,80,46,24,67",1.956039,3,1,120,0,,"{'window_used': 120, 'regime': 'MIXED', 'unique_numbers': 100, 'top5_avg': 1.612371, 'top12_avg': 1.402973, 'separation': 0.209398, 'mid_today': ''}",LN-quiniela-v3-mid-night
2026-05-20T19:19:58Z,13:00,LN|2026-05-20|NIGHT,120,"96,21,79","96,40,21,78,82,27,84,79,37,17,54,08",1.630126,2,1,120,1,"37,96,76","{'window_used': 120, 'regime': 'CONDITIONAL_EDGE', 'unique_numbers': 100, 'top5_avg': 1.540317, 'top12_avg': 1.45102, 'separation': 0.089296, 'mid_today': '37,96,76'}",LN-quiniela-v3-mid-night
2026-05-20T21:27:54Z,16:00,LN|2026-05-20|NIGHT,120,"96,21,79","96,40,21,78,82,27,84,79,37,17,54,08",1.630126,2,1,120,1,"37,96,76","{'window_used': 120, 'regime': 'CONDITIONAL_EDGE', 'unique_numbers': 100, 'top5_avg': 1.540317, 'top12_avg': 1.45102, 'separation': 0.089296, 'mid_today': '37,96,76'}",LN-quiniela-v3-mid-night
2026-05-21T17:39:57Z,manual,LN|2026-05-21|MID,120,"20,79,62","79,20,64,92,62,23,76,93,50,80,46,24",1.926344,3,1,120,0,,"{'window_used': 120, 'regime': 'MIXED', 'unique_numbers': 100, 'top5_avg': 1.585481, 'top12_avg': 1.391371, 'separation': 0.194109, 'mid_today': ''}",LN-quiniela-v3-mid-night
2026-05-21T18:56:52Z,13:00,LN|2026-05-21|NIGHT,120,"96,21,84","82,40,96,21,27,78,84,88,79,47,54,17",1.594007,3,0,120,1,"32,83,93","{'window_used': 120, 'regime': 'CONDITIONAL_EDGE', 'unique_numbers': 100, 'top5_avg': 1.512015, 'top12_avg': 1.436072, 'separation': 0.075943, 'mid_today': '32,83,93'}",LN-quiniela-v3-mid-night
2026-05-21T21:20:02Z,16:00,LN|2026-05-21|NIGHT,120,"96,21,84","82,40,96,21,27,78,84,88,79,47,54,17",1.594007,3,0,120,1,"32,83,93","{'window_used': 120, 'regime': 'CONDITIONAL_EDGE', 'unique_numbers': 100, 'top5_avg': 1.512015, 'top12_avg': 1.436072, 'separation': 0.075943, 'mid_today': '32,83,93'}",LN-quiniela-v3-mid-night
2026-05-22T17:00:42Z,13:00,LN|2026-05-22|MID,120,"20,79,64","79,93,20,64,92,62,23,76,50,80,24,67",1.909307,2,1,120,0,,"{'window_used': 120, 'regime': 'MIXED', 'unique_numbers': 100, 'top5_avg': 1.635169, 'top12_avg': 1.41074, 'separation': 0.224429, 'mid_today': ''}",LN-quiniela-v3-mid-night
2026-05-22T20:00:46Z,16:00,LN|2026-05-22|NIGHT,120,"21,96,79","40,78,82,21,27,96,79,84,54,88,68,47",1.527653,3,0,120,1,"69,53,68","{'window_used': 120, 'regime': 'CONDITIONAL_EDGE', 'unique_numbers': 100, 'top5_avg': 1.492677, 'top12_avg': 1.435501, 'separation': 0.057176, 'mid_today': '69,53,68'}",LN-quiniela-v3-mid-night
2026-05-23T17:27:47Z,13:00,LN|2026-05-23|MID,120,"20,79,93","79,93,20,64,92,62,23,53,76,68,50,80",1.860286,2,1,120,0,,"{'window_used': 120, 'regime': 'MIXED', 'unique_numbers': 100, 'top5_avg': 1.606274, 'top12_avg': 1.41363, 'separation': 0.192644, 'mid_today': ''}",LN-quiniela-v3-mid-night
2026-05-23T20:01:00Z,16:00,LN|2026-05-23|NIGHT,120,"21,17,82","17,82,40,21,27,78,96,84,88,54,79,47",1.629985,3,1,120,1,"85,11,63","{'window_used': 120, 'regime': 'CONDITIONAL_EDGE', 'unique_numbers': 100, 'top5_avg': 1.513379, 'top12_avg': 1.433109, 'separation': 0.080269, 'mid_today': '85,11,63'}",LN-quiniela-v3-mid-night
2026-05-24T17:00:59Z,13:00,LN|2026-05-24|MID,120,"20,79,93","79,93,20,64,92,62,76,53,68,23,50,80",1.840138,2,1,120,0,,"{'window_used': 120, 'regime': 'MIXED', 'unique_numbers': 100, 'top5_avg': 1.58941, 'top12_avg': 1.397635, 'separation': 0.191775, 'mid_today': ''}",LN-quiniela-v3-mid-night
2026-05-24T20:01:01Z,16:00,LN|2026-05-24|NIGHT,120,"78,40,21","17,78,40,27,82,21,88,47,96,79,54,08",1.977496,4,1,120,1,"45,28,78","{'window_used': 120, 'regime': 'CONDITIONAL_EDGE', 'unique_numbers': 100, 'top5_avg': 1.612181, 'top12_avg': 1.474921, 'separation': 0.13726, 'mid_today': '45,28,78'}",LN-quiniela-v3-mid-night
2026-05-25T17:01:12Z,13:00,LN|2026-05-25|MID,120,"20,93,79","79,93,20,64,92,76,62,53,78,68,23,50",1.81928,3,1,120,0,,"{'window_used': 120, 'regime': 'MIXED', 'unique_numbers': 100, 'top5_avg': 1.57891, 'top12_avg': 1.394528, 'separation': 0.184382, 'mid_today': ''}",LN-quiniela-v3-mid-night
2026-05-25T20:00:20Z,16:00,LN|2026-05-25|NIGHT,120,"17,96,40","17,40,47,82,27,96,21,78,54,84,88,79",2.017779,3,1,120,1,"97,11,45","{'window_used': 120, 'regime': 'CONDITIONAL_EDGE', 'unique_numbers': 100, 'top5_avg': 1.589019, 'top12_avg': 1.448556, 'separation': 0.140463, 'mid_today': '97,11,45'}",LN-quiniela-v3-mid-night
2026-05-27T07:46:47Z,13:00,LN|2026-05-27|MID,120,"79,20,93","79,93,64,20,92,76,53,62,68,11,23,78",1.848049,4,1,120,0,,"{'window_used': 120, 'regime': 'MIXED', 'unique_numbers': 100, 'top5_avg': 1.57681, 'top12_avg': 1.395146, 'separation': 0.181664, 'mid_today': ''}",LN-quiniela-v3-mid-night
2026-05-30T17:00:41Z,13:00,LN|2026-05-30|MID,120,"79,20,93","79,93,64,20,92,76,53,62,68,11,23,78",1.848049,4,1,120,0,,"{'window_used': 120, 'regime': 'MIXED', 'unique_numbers': 100, 'top5_avg': 1.57681, 'top12_avg': 1.395146, 'separation': 0.181664, 'mid_today': ''}",LN-quiniela-v3-mid-night
2026-05-30T20:00:48Z,16:00,LN|2026-05-30|NIGHT,120,"17,40,82","17,65,82,40,27,47,21,78,96,54,79,84",1.98072,3,1,120,1,"69,37,43","{'window_used': 120, 'regime': 'CONDITIONAL_EDGE', 'unique_numbers': 100, 'top5_avg': 1.588536, 'top12_avg': 1.445696, 'separation': 0.14284, 'mid_today': '69,37,43'}",LN-quiniela-v3-mid-night
2026-05-30T22:47:43Z,manual,LN|2026-05-30|NIGHT,120,"17,40,82","17,65,82,40,27,47,21,78,96,54,79,84",1.98072,3,1,120,1,"69,37,43","{'window_used': 120, 'regime': 'CONDITIONAL_EDGE', 'unique_numbers': 100, 'top5_avg': 1.588536, 'top12_avg': 1.445696, 'separation': 0.14284, 'mid_today': '69,37,43'}",LN-quiniela-v3-mid-night
2026-05-31T17:01:02Z,13:00,LN|2026-05-31|MID,120,"79,93,20","79,93,23,64,92,20,69,37,53,62,85,76",1.805184,5,1,120,0,,"{'window_used': 120, 'regime': 'MIXED', 'unique_numbers': 100, 'top5_avg': 1.555134, 'top12_avg': 1.402898, 'separation': 0.152235, 'mid_today': ''}",LN-quiniela-v3-mid-night
2026-05-31T20:01:04Z,16:00,LN|2026-05-31|NIGHT,120,"17,40,96","17,47,84,65,37,40,78,96,21,27,82,54",1.925754,1,1,120,1,"70,98,41","{'window_used': 120, 'regime': 'CONDITIONAL_EDGE', 'unique_numbers': 100, 'top5_avg': 1.641813, 'top12_avg': 1.478956, 'separation': 0.162857, 'mid_today': '70,98,41'}",LN-quiniela-v3-mid-night
2026-06-01T18:08:07Z,manual,LN|2026-06-01|MID,120,"79,64,93","79,93,23,64,92,20,37,98,69,53,11,85",1.718537,5,1,120,0,,"{'window_used': 120, 'regime': 'MIXED', 'unique_numbers': 100, 'top5_avg': 1.504362, 'top12_avg': 1.391937, 'separation': 0.112425, 'mid_today': ''}",LN-quiniela-v3-mid-night
2026-06-01T20:00:59Z,16:00,LN|2026-06-01|NIGHT,120,"21,17,47","17,47,54,65,84,21,68,37,96,78,82,27",1.903913,1,1,120,1,"06,31,21","{'window_used': 120, 'regime': 'CONDITIONAL_EDGE', 'unique_numbers': 100, 'top5_avg': 1.681058, 'top12_avg': 1.493778, 'separation': 0.18728, 'mid_today': '06,31,21'}",LN-quiniela-v3-mid-night
2026-06-02T17:00:52Z,13:00,LN|2026-06-02|MID,120,"79,64,93","79,93,23,64,98,31,92,37,06,69,20,85",1.654185,3,1,120,0,,"{'window_used': 120, 'regime': 'MIXED', 'unique_numbers': 100, 'top5_avg': 1.478732, 'top12_avg': 1.386042, 'separation': 0.092689, 'mid_today': ''}",LN-quiniela-v3-mid-night
2026-06-02T20:00:57Z,16:00,LN|2026-06-02|NIGHT,120,"17,79,47","17,47,54,84,65,68,78,79,37,40,82,21",1.971712,1,1,120,1,"19,70,79","{'window_used': 120, 'regime': 'CONDITIONAL_EDGE', 'unique_numbers': 100, 'top5_avg': 1.686256, 'top12_avg': 1.482002, 'separation': 0.204253, 'mid_today': '19,70,79'}",LN-quiniela-v3-mid-night
2026-06-03T17:00:53Z,13:00,LN|2026-06-03|MID,120,"79,93,64","79,93,23,37,31,64,98,69,06,92,85,53",1.99486,2,1,120,0,,"{'window_used': 120, 'regime': 'MIXED', 'unique_numbers': 100, 'top5_avg': 1.531444, 'top12_avg': 1.400283, 'separation': 0.131161, 'mid_today': ''}",LN-quiniela-v3-mid-night
2026-06-04T17:00:58Z,13:00,LN|2026-06-04|MID,120,"79,93,64","79,93,23,98,37,64,06,31,69,85,92,11",1.941332,2,1,120,0,,"{'window_used': 120, 'regime': 'MIXED', 'unique_numbers': 100, 'top5_avg': 1.516221, 'top12_avg': 1.389486, 'separation': 0.126734, 'mid_today': ''}",LN-quiniela-v3-mid-night
2026-06-04T20:01:02Z,16:00,LN|2026-06-04|NIGHT,120,"17,47,54","17,47,54,84,65,68,37,82,40,96,21,78",1.866952,2,1,120,1,"51,33,49","{'window_used': 120, 'regime': 'CONDITIONAL_EDGE', 'unique_numbers': 100, 'top5_avg': 1.654416, 'top12_avg': 1.43705, 'separation': 0.217365, 'mid_today': '51,33,49'}",LN-quiniela-v3-mid-night
2026-06-05T17:00:56Z,13:00,LN|2026-06-05|MID,120,"79,93,23","79,93,23,98,06,31,64,69,85,92,11,37",1.92446,2,1,120,0,,"{'window_used': 120, 'regime': 'MIXED', 'unique_numbers': 100, 'top5_avg': 1.50235, 'top12_avg': 1.372827, 'separation': 0.129523, 'mid_today': ''}",LN-quiniela-v3-mid-night
2026-06-05T20:01:00Z,16:00,LN|2026-06-05|NIGHT,120,"17,84,47","17,47,84,54,65,68,74,82,37,21,27,78",1.874602,4,1,120,1,"71,27,82","{'window_used': 120, 'regime': 'CONDITIONAL_EDGE', 'unique_numbers': 100, 'top5_avg': 1.635518, 'top12_avg': 1.443338, 'separation': 0.192181, 'mid_today': '71,27,82'}",LN-quiniela-v3-mid-night
2026-06-06T17:00:54Z,13:00,LN|2026-06-06|MID,120,"79,93,23","79,23,93,98,06,31,64,71,69,85,11,92",1.940826,2,1,120,0,,"{'window_used': 120, 'regime': 'MIXED', 'unique_numbers': 100, 'top5_avg': 1.484803, 'top12_avg': 1.364298, 'separation': 0.120505, 'mid_today': ''}",LN-quiniela-v3-mid-night
2026-06-06T20:01:00Z,16:00,LN|2026-06-06|NIGHT,120,"17,65,47","17,47,54,65,84,68,40,74,37,12,96,78",1.798359,4,1,120,1,"13,60,30","{'window_used': 120, 'regime': 'CONDITIONAL_EDGE', 'unique_numbers': 100, 'top5_avg': 1.602372, 'top12_avg': 1.408123, 'separation': 0.194249, 'mid_today': '13,60,30'}",LN-quiniela-v3-mid-night
2026-06-07T17:00:56Z,13:00,LN|2026-06-07|MID,120,"79,23,93","79,23,93,31,98,06,71,64,85,69,11,92",1.91986,3,1,120,0,,"{'window_used': 120, 'regime': 'MIXED', 'unique_numbers': 100, 'top5_avg': 1.476964, 'top12_avg': 1.350145, 'separation': 0.126819, 'mid_today': ''}",LN-quiniela-v3-mid-night
2026-06-07T20:01:02Z,16:00,LN|2026-06-07|NIGHT,120,"17,54,47","84,17,54,47,65,68,96,78,74,37,57,21",1.87348,5,1,120,1,"96,51,78","{'window_used': 120, 'regime': 'CONDITIONAL_EDGE', 'unique_numbers': 100, 'top5_avg': 1.654656, 'top12_avg': 1.431018, 'separation': 0.223638, 'mid_today': '96,51,78'}",LN-quiniela-v3-mid-night
2026-06-08T17:00:57Z,13:00,LN|2026-06-08|MID,120,"79,93,23","79,78,51,23,93,31,98,06,71,64,33,69",1.898196,3,1,120,0,,"{'window_used': 120, 'regime': 'MIXED', 'unique_numbers': 100, 'top5_avg': 1.517199, 'top12_avg': 1.379587, 'separation': 0.137612, 'mid_today': ''}",LN-quiniela-v3-mid-night
2026-06-08T20:00:58Z,16:00,LN|2026-06-08|NIGHT,120,"84,17,47","84,17,54,47,65,68,80,74,82,53,37,96",1.965473,5,1,120,1,"81,88,82","{'window_used': 120, 'regime': 'CONDITIONAL_EDGE', 'unique_numbers': 100, 'top5_avg': 1.645366, 'top12_avg': 1.428699, 'separation': 0.216667, 'mid_today': '81,88,82'}",LN-quiniela-v3-mid-night
2026-06-09T17:00:58Z,13:00,LN|2026-06-09|MID,120,"79,93,23","79,51,78,23,93,31,98,06,82,64,70,33",1.876171,4,1,120,0,,"{'window_used': 120, 'regime': 'MIXED', 'unique_numbers': 100, 'top5_avg': 1.49637, 'top12_avg': 1.366138, 'separation': 0.130232, 'mid_today': ''}",LN-quiniela-v3-mid-night
2026-06-09T20:01:02Z,16:00,LN|2026-06-09|NIGHT,120,"65,17,84","17,84,37,65,47,54,68,53,74,57,96,87",2.106377,3,1,120,1,"67,66,37","{'window_used': 120, 'regime': 'CONDITIONAL_EDGE', 'unique_numbers': 100, 'top5_avg': 1.75774, 'top12_avg': 1.49622, 'separation': 0.26152, 'mid_today': '67,66,37'}",LN-quiniela-v3-mid-night
2026-06-10T17:00:58Z,13:00,LN|2026-06-10|MID,120,"79,23,93","79,37,51,78,23,93,31,98,06,82,70,64",1.833982,3,1,120,0,,"{'window_used': 120, 'regime': 'MIXED', 'unique_numbers': 100, 'top5_avg': 1.518062, 'top12_avg': 1.376569, 'separation': 0.141493, 'mid_today': ''}",LN-quiniela-v3-mid-night
2026-06-10T20:00:59Z,16:00,LN|2026-06-10|NIGHT,120,"17,84,47","17,84,37,80,47,54,68,65,53,74,57,96",2.109732,2,1,120,1,"02,17,28","{'window_used': 120, 'regime': 'CONDITIONAL_EDGE', 'unique_numbers': 100, 'top5_avg': 1.716124, 'top12_avg': 1.476333, 'separation': 0.239791, 'mid_today': '02,17,28'}",LN-quiniela-v3-mid-night
2026-06-11T17:00:58Z,13:00,LN|2026-06-11|MID,120,"79,93,23","79,37,51,78,93,23,98,31,06,82,70,33",1.811755,3,1,120,0,,"{'window_used': 120, 'regime': 'MIXED', 'unique_numbers': 100, 'top5_avg': 1.515237, 'top12_avg': 1.361599, 'separation': 0.153638, 'mid_today': ''}",LN-quiniela-v3-mid-night
2026-06-11T20:01:00Z,16:00,LN|2026-06-11|NIGHT,120,"47,17,84","17,84,37,47,54,80,65,42,53,74,68,89",2.381096,2,1,120,1,"45,49,04","{'window_used': 120, 'regime': 'CONDITIONAL_EDGE', 'unique_numbers': 100, 'top5_avg': 1.749469, 'top12_avg': 1.499278, 'separation': 0.250191, 'mid_today': '45,49,04'}",LN-quiniela-v3-mid-night
2026-06-12T17:00:56Z,13:00,LN|2026-06-12|MID,120,"79,93,37","79,37,51,78,45,93,82,23,98,31,06,70",1.769573,2,1,120,0,,"{'window_used': 120, 'regime': 'MIXED', 'unique_numbers': 100, 'top5_avg': 1.48903, 'top12_avg': 1.35423, 'separation': 0.1348, 'mid_today': ''}",LN-quiniela-v3-mid-night
2026-06-12T20:01:01Z,16:00,LN|2026-06-12|NIGHT,120,"17,84,37","17,84,37,80,40,54,47,65,42,53,68,74",2.365325,1,1,120,1,"25,20,35","{'window_used': 120, 'regime': 'CONDITIONAL_EDGE', 'unique_numbers': 100, 'top5_avg': 1.726395, 'top12_avg': 1.49075, 'separation': 0.235645, 'mid_today': '25,20,35'}",LN-quiniela-v3-mid-night
2026-06-13T17:00:57Z,13:00,LN|2026-06-13|MID,120,"79,51,37","79,51,37,78,20,45,93,82,23,31,06,67",1.747495,1,1,120,0,,"{'window_used': 120, 'regime': 'MIXED', 'unique_numbers': 100, 'top5_avg': 1.50429, 'top12_avg': 1.360483, 'separation': 0.143808, 'mid_today': ''}",LN-quiniela-v3-mid-night
2026-06-13T20:01:03Z,16:00,LN|2026-06-13|NIGHT,120,"17,84,37","17,84,42,37,80,40,47,65,54,53,89,74",2.362303,1,1,120,1,"61,39,11","{'window_used': 120, 'regime': 'CONDITIONAL_EDGE', 'unique_numbers': 100, 'top5_avg': 1.759924, 'top12_avg': 1.497167, 'separation': 0.262757, 'mid_today': '61,39,11'}",LN-quiniela-v3-mid-night
2026-06-14T17:00:57Z,13:00,LN|2026-06-14|MID,120,"79,51,37","79,51,37,78,20,11,82,45,93,23,67,66",1.725563,3,1,120,0,,"{'window_used': 120, 'regime': 'MIXED', 'unique_numbers': 100, 'top5_avg': 1.490584, 'top12_avg': 1.355883, 'separation': 0.134701, 'mid_today': ''}",LN-quiniela-v3-mid-night
2026-06-14T20:00:58Z,16:00,LN|2026-06-14|NIGHT,120,"17,37,84","17,80,42,84,37,40,47,12,53,54,65,30",2.362611,1,1,120,1,"37,42,33","{'window_used': 120, 'regime': 'CONDITIONAL_EDGE', 'unique_numbers': 100, 'top5_avg': 1.841681, 'top12_avg': 1.551938, 'separation': 0.289743, 'mid_today': '37,42,33'}",LN-quiniela-v3-mid-night
2026-06-15T17:00:55Z,13:00,LN|2026-06-15|MID,120,"79,51,78","37,79,51,33,78,20,11,45,82,93,23,67",1.777987,3,1,120,0,,"{'window_used': 120, 'regime': 'MIXED', 'unique_numbers': 100, 'top5_avg': 1.549894, 'top12_avg': 1.39342, 'separation': 0.156474, 'mid_today': ''}",LN-quiniela-v3-mid-night
2026-06-15T20:00:59Z,16:00,LN|2026-06-15|NIGHT,120,"17,84,80","17,80,42,84,40,37,12,47,54,53,65,30",2.305678,2,1,120,1,"44,50,62","{'window_used': 120, 'regime': 'CONDITIONAL_EDGE', 'unique_numbers': 100, 'top5_avg': 1.824122, 'top12_avg': 1.540554, 'separation': 0.283568, 'mid_today': '44,50,62'}",LN-quiniela-v3-mid-night
2026-06-16T17:00:59Z,13:00,LN|2026-06-16|MID,120,"79,37,51","37,79,33,51,20,78,45,11,62,82,23,67",1.770962,3,1,120,0,,"{'window_used': 120, 'regime': 'MIXED', 'unique_numbers': 100, 'top5_avg': 1.542055, 'top12_avg': 1.388702, 'separation': 0.153353, 'mid_today': ''}",LN-quiniela-v3-mid-night
2026-06-16T20:01:02Z,16:00,LN|2026-06-16|NIGHT,120,"17,84,54","17,80,42,84,37,40,54,12,53,47,65,94",2.318138,2,1,120,1,"54,61,18","{'window_used': 120, 'regime': 'CONDITIONAL_EDGE', 'unique_numbers': 100, 'top5_avg': 1.793103, 'top12_avg': 1.520426, 'separation': 0.272677, 'mid_today': '54,61,18'}",LN-quiniela-v3-mid-night
2026-06-17T17:00:48Z,13:00,LN|2026-06-17|MID,120,"79,37,51","37,79,33,51,20,78,11,62,45,82,23,67",1.756556,3,1,120,0,,"{'window_used': 120, 'regime': 'MIXED', 'unique_numbers': 100, 'top5_avg': 1.510579, 'top12_avg': 1.368609, 'separation': 0.141971, 'mid_today': ''}",LN-quiniela-v3-mid-night
2026-06-17T20:00:55Z,16:00,LN|2026-06-17|NIGHT,120,"17,84,54","17,80,42,84,37,40,54,12,53,47,65,30",2.280323,3,1,120,1,"54,21,61","{'window_used': 120, 'regime': 'CONDITIONAL_EDGE', 'unique_numbers': 100, 'top5_avg': 1.765364, 'top12_avg': 1.501445, 'separation': 0.263919, 'mid_today': '54,21,61'}",LN-quiniela-v3-mid-night
2026-06-18T17:00:48Z,13:00,LN|2026-06-18|MID,120,"37,79,51","37,79,61,33,51,20,78,11,21,62,45,82",1.82535,2,1,120,0,,"{'window_used': 120, 'regime': 'MIXED', 'unique_numbers': 100, 'top5_avg': 1.545891, 'top12_avg': 1.395241, 'separation': 0.15065, 'mid_today': ''}",LN-quiniela-v3-mid-night
2026-06-18T20:00:52Z,16:00,LN|2026-06-18|NIGHT,120,"17,80,84","17,80,42,84,65,37,40,12,47,87,79,54",2.342432,3,1,120,1,"97,79,15","{'window_used': 120, 'regime': 'CONDITIONAL_EDGE', 'unique_numbers': 100, 'top5_avg': 1.807875, 'top12_avg': 1.531936, 'separation': 0.275938, 'mid_today': '97,79,15'}",LN-quiniela-v3-mid-night
2026-06-19T17:00:21Z,13:00,LN|2026-06-19|MID,120,"37,79,51","79,37,61,33,51,20,78,62,21,11,82,50",1.93142,2,1,120,0,,"{'window_used': 120, 'regime': 'MIXED', 'unique_numbers': 100, 'top5_avg': 1.601773, 'top12_avg': 1.411934, 'separation': 0.189839, 'mid_today': ''}",LN-quiniela-v3-mid-night
2026-06-19T20:00:28Z,16:00,LN|2026-06-19|NIGHT,120,"17,80,84","17,80,42,84,65,37,87,40,30,12,47,28",2.254588,4,1,120,1,"87,30,86","{'window_used': 120, 'regime': 'CONDITIONAL_EDGE', 'unique_numbers': 100, 'top5_avg': 1.768458, 'top12_avg': 1.522985, 'separation': 0.245473, 'mid_today': '87,30,86'}",LN-quiniela-v3-mid-night
2026-06-20T17:00:24Z,13:00,LN|2026-06-20|MID,120,"79,37,51","79,37,61,33,20,51,62,21,11,78,50,82",1.921958,2,1,120,0,,"{'window_used': 120, 'regime': 'MIXED', 'unique_numbers': 100, 'top5_avg': 1.58201, 'top12_avg': 1.389483, 'separation': 0.192527, 'mid_today': ''}",LN-quiniela-v3-mid-night
2026-06-20T20:00:26Z,16:00,LN|2026-06-20|NIGHT,120,"17,80,42","17,80,42,63,65,84,40,12,37,54,87,79",2.221874,4,1,120,1,"99,53,10","{'window_used': 120, 'regime': 'CONDITIONAL_EDGE', 'unique_numbers': 100, 'top5_avg': 1.730548, 'top12_avg': 1.497405, 'separation': 0.233143, 'mid_today': '99,53,10'}",LN-quiniela-v3-mid-night
2026-06-21T17:00:24Z,13:00,LN|2026-06-21|MID,120,"79,37,33","79,37,61,33,20,21,53,51,62,11,78,50",1.905152,3,1,120,0,,"{'window_used': 120, 'regime': 'MIXED', 'unique_numbers': 100, 'top5_avg': 1.573252, 'top12_avg': 1.391454, 'separation': 0.181799, 'mid_today': ''}",LN-quiniela-v3-mid-night
2026-06-21T20:00:27Z,16:00,LN|2026-06-21|NIGHT,120,"17,80,42","17,65,80,42,63,84,40,87,12,37,79,47",2.130346,4,1,120,1,"41,58,89","{'window_used': 120, 'regime': 'CONDITIONAL_EDGE', 'unique_numbers': 100, 'top5_avg': 1.768506, 'top12_avg': 1.507342, 'separation': 0.261164, 'mid_today': '41,58,89'}",LN-quiniela-v3-mid-night
2026-06-22T17:00:23Z,13:00,LN|2026-06-22|MID,120,"79,37,33","79,37,61,33,20,53,21,51,62,11,78,41",1.921582,3,1,120,0,,"{'window_used': 120, 'regime': 'MIXED', 'unique_numbers': 100, 'top5_avg': 1.566751, 'top12_avg': 1.382028, 'separation': 0.184723, 'mid_today': ''}",LN-quiniela-v3-mid-night
2026-06-22T20:00:29Z,16:00,LN|2026-06-22|NIGHT,120,"17,80,42","17,65,80,42,63,84,40,87,37,12,47,28",2.133047,4,1,120,1,"58,07,21","{'window_used': 120, 'regime': 'CONDITIONAL_EDGE', 'unique_numbers': 100, 'top5_avg': 1.731984, 'top12_avg': 1.476586, 'separation': 0.255398, 'mid_today': '58,07,21'}",LN-quiniela-v3-mid-night
2026-06-23T17:00:49Z,13:00,LN|2026-06-23|MID,120,"79,37,33","79,37,21,61,33,20,53,62,51,11,78,41",1.88068,3,1,120,0,,"{'window_used': 120, 'regime': 'MIXED', 'unique_numbers': 100, 'top5_avg': 1.605896, 'top12_avg': 1.393335, 'separation': 0.212561, 'mid_today': ''}",LN-quiniela-v3-mid-night
2026-06-23T20:35:06Z,16:00,LN|2026-06-23|NIGHT,120,"17,80,42","17,65,80,63,42,84,74,40,87,12,37,05",2.062004,4,1,120,1,"07,23,59","{'window_used': 120, 'regime': 'CONDITIONAL_EDGE', 'unique_numbers': 100, 'top5_avg': 1.708879, 'top12_avg': 1.468248, 'separation': 0.240631, 'mid_today': '07,23,59'}",LN-quiniela-v3-mid-night
2026-06-24T17:20:48Z,13:00,LN|2026-06-24|MID,120,"79,37,33","79,37,21,61,23,33,53,20,62,11,78,41",1.859079,3,1,120,0,,"{'window_used': 120, 'regime': 'MIXED', 'unique_numbers': 100, 'top5_avg': 1.592031, 'top12_avg': 1.391715, 'separation': 0.200316, 'mid_today': ''}",LN-quiniela-v3-mid-night
2026-06-24T20:00:55Z,16:00,LN|2026-06-24|NIGHT,120,"17,80,42","17,63,65,80,42,84,40,74,87,37,47,43",2.035238,4,1,120,1,"41,07,81","{'window_used': 120, 'regime': 'CONDITIONAL_EDGE', 'unique_numbers': 100, 'top5_avg': 1.780527, 'top12_avg': 1.494225, 'separation': 0.286301, 'mid_today': '41,07,81'}",LN-quiniela-v3-mid-night
2026-06-25T17:00:33Z,13:00,LN|2026-06-25|MID,120,"79,37,61","79,37,21,61,41,23,07,33,53,62,20,11",1.837116,3,1,120,0,,"{'window_used': 120, 'regime': 'MIXED', 'unique_numbers': 100, 'top5_avg': 1.616442, 'top12_avg': 1.417178, 'separation': 0.199263, 'mid_today': ''}",LN-quiniela-v3-mid-night
2026-06-25T20:00:36Z,16:00,LN|2026-06-25|NIGHT,120,"17,80,84","17,63,65,80,28,84,47,42,74,87,40,37",1.998766,3,1,120,1,"14,38,85","{'window_used': 120, 'regime': 'CONDITIONAL_EDGE', 'unique_numbers': 100, 'top5_avg': 1.75716, 'top12_avg': 1.525681, 'separation': 0.231479, 'mid_today': '14,38,85'}",LN-quiniela-v3-mid-night
2026-06-26T17:00:34Z,13:00,LN|2026-06-26|MID,120,"79,37,61","79,21,37,61,41,07,23,33,53,85,62,20",1.814987,3,1,120,0,,"{'window_used': 120, 'regime': 'MIXED', 'unique_numbers': 100, 'top5_avg': 1.61063, 'top12_avg': 1.411603, 'separation': 0.199026, 'mid_today': ''}",LN-quiniela-v3-mid-night
2026-06-26T20:00:36Z,16:00,LN|2026-06-26|NIGHT,120,"17,65,80","63,17,65,80,47,28,42,84,74,40,87,05",2.263488,2,1,120,1,"69,55,50","{'window_used': 120, 'regime': 'CONDITIONAL_EDGE', 'unique_numbers': 100, 'top5_avg': 1.829305, 'top12_avg': 1.531844, 'separation': 0.297461, 'mid_today': '69,55,50'}",LN-quiniela-v3-mid-night
2026-06-27T17:00:33Z,13:00,LN|2026-06-27|MID,120,"79,37,21","79,21,37,61,41,50,23,07,53,85,69,33",1.79282,3,1,120,0,,"{'window_used': 120, 'regime': 'MIXED', 'unique_numbers': 100, 'top5_avg': 1.583861, 'top12_avg': 1.41838, 'separation': 0.165481, 'mid_today': ''}",LN-quiniela-v3-mid-night
2026-06-27T22:06:43Z,16:00,LN|2026-06-27|NIGHT,120,"17,65,63","63,17,65,74,47,80,42,28,84,87,40,37",2.230201,3,1,120,1,"47,85,42","{'window_used': 120, 'regime': 'CONDITIONAL_EDGE', 'unique_numbers': 100, 'top5_avg': 1.847153, 'top12_avg': 1.573998, 'separation': 0.273155, 'mid_today': '47,85,42'}",LN-quiniela-v3-mid-night
2026-06-28T17:00:50Z,13:00,LN|2026-06-28|MID,120,"79,37,21","79,21,85,37,41,61,50,07,23,42,53,69",1.770697,3,1,120,0,,"{'window_used': 120, 'regime': 'MIXED', 'unique_numbers': 100, 'top5_avg': 1.601646, 'top12_avg': 1.449017, 'separation': 0.152628, 'mid_today': ''}",LN-quiniela-v3-mid-night
2026-06-28T20:00:57Z,16:00,LN|2026-06-28|NIGHT,120,"17,63,65","63,17,65,74,80,47,28,42,84,87,78,40",2.269626,3,1,120,1,"96,88,15","{'window_used': 120, 'regime': 'CONDITIONAL_EDGE', 'unique_numbers': 100, 'top5_avg': 1.839334, 'top12_avg': 1.543829, 'separation': 0.295505, 'mid_today': '96,88,15'}",LN-quiniela-v3-mid-night
2026-06-29T17:00:19Z,13:00,LN|2026-06-29|MID,120,"79,37,21","79,85,21,37,41,50,61,07,23,42,53,69",1.748678,3,1,120,0,,"{'window_used': 120, 'regime': 'MIXED', 'unique_numbers': 100, 'top5_avg': 1.587018, 'top12_avg': 1.433612, 'separation': 0.153405, 'mid_today': ''}",LN-quiniela-v3-mid-night
2026-06-29T20:00:24Z,16:00,LN|2026-06-29|NIGHT,120,"17,63,65","63,17,65,74,47,28,80,84,42,87,27,40",2.282344,2,1,120,1,"17,29,86","{'window_used': 120, 'regime': 'CONDITIONAL_EDGE', 'unique_numbers': 100, 'top5_avg': 1.823116, 'top12_avg': 1.540488, 'separation': 0.282628, 'mid_today': '17,29,86'}",LN-quiniela-v3-mid-night
2026-06-30T17:00:14Z,13:00,LN|2026-06-30|MID,120,"79,37,21","79,85,21,41,37,50,61,07,23,42,69,53",1.726803,3,1,120,0,,"{'window_used': 120, 'regime': 'MIXED', 'unique_numbers': 100, 'top5_avg': 1.565969, 'top12_avg': 1.419485, 'separation': 0.146484, 'mid_today': ''}",LN-quiniela-v3-mid-night
2026-06-30T20:00:19Z,16:00,LN|2026-06-30|NIGHT,120,"17,63,65","63,17,65,74,47,80,28,84,42,87,27,40",2.282344,3,1,120,1,"85,47,97","{'window_used': 120, 'regime': 'CONDITIONAL_EDGE', 'unique_numbers': 100, 'top5_avg': 1.844316, 'top12_avg': 1.547655, 'separation': 0.296662, 'mid_today': '85,47,97'}",LN-quiniela-v3-mid-night
2026-07-01T17:00:14Z,13:00,LN|2026-07-01|MID,120,"79,21,41","85,79,21,41,50,37,07,42,61,23,97,69",1.943957,4,1,120,0,,"{'window_used': 120, 'regime': 'MIXED', 'unique_numbers': 100, 'top5_avg': 1.60766, 'top12_avg': 1.441979, 'separation': 0.165681, 'mid_today': ''}",LN-quiniela-v3-mid-night
2026-07-01T20:00:23Z,16:00,LN|2026-07-01|NIGHT,120,"63,17,74","63,17,74,65,42,80,47,28,00,84,94,61",2.188583,3,1,120,1,"86,74,00","{'window_used': 120, 'regime': 'CONDITIONAL_EDGE', 'unique_numbers': 100, 'top5_avg': 1.811534, 'top12_avg': 1.559624, 'separation': 0.251911, 'mid_today': '86,74,00'}",LN-quiniela-v3-mid-night
2026-07-02T17:00:56Z,13:00,LN|2026-07-02|MID,120,"79,21,41","85,79,21,41,86,07,50,37,42,61,97,23",1.934203,4,1,120,0,,"{'window_used': 120, 'regime': 'MIXED', 'unique_numbers': 100, 'top5_avg': 1.602266, 'top12_avg': 1.452002, 'separation': 0.150264, 'mid_today': ''}",LN-quiniela-v3-mid-night
2026-07-02T20:01:00Z,16:00,LN|2026-07-02|NIGHT,120,"63,17,65","63,17,42,74,65,47,80,28,84,00,94,61",2.169072,4,1,120,1,"89,44,85","{'window_used': 120, 'regime': 'CONDITIONAL_EDGE', 'unique_numbers': 100, 'top5_avg': 1.798612, 'top12_avg': 1.545475, 'separation': 0.253137, 'mid_today': '89,44,85'}",LN-quiniela-v3-mid-night
2026-07-03T17:00:56Z,13:00,LN|2026-07-03|MID,120,"79,41,21","85,79,41,86,21,07,50,37,42,61,97,23",2.351446,4,1,120,0,,"{'window_used': 120, 'regime': 'MIXED', 'unique_numbers': 100, 'top5_avg': 1.661185, 'top12_avg': 1.468416, 'separation': 0.192768, 'mid_today': ''}",LN-quiniela-v3-mid-night
2026-07-03T20:01:02Z,16:00,LN|2026-07-03|NIGHT,120,"63,17,65","63,74,17,42,65,47,80,28,00,61,94,84",2.143449,4,1,120,1,"79,17,51","{'window_used': 120, 'regime': 'CONDITIONAL_EDGE', 'unique_numbers': 100, 'top5_avg': 1.835407, 'top12_avg': 1.544565, 'separation': 0.290842, 'mid_today': '79,17,51'}",LN-quiniela-v3-mid-night
2026-07-04T17:00:56Z,13:00,LN|2026-07-04|MID,120,"85,79,21","85,79,86,21,41,07,50,51,37,97,42,23",2.336539,3,1,120,0,,"{'window_used': 120, 'regime': 'MIXED', 'unique_numbers': 100, 'top5_avg': 1.707305, 'top12_avg': 1.486283, 'separation': 0.221022, 'mid_today': ''}",LN-quiniela-v3-mid-night
2026-07-04T20:01:03Z,16:00,LN|2026-07-04|NIGHT,120,"63,17,74","63,74,17,86,42,65,28,47,80,36,94,61",2.17784,3,1,120,1,"33,18,23","{'window_used': 120, 'regime': 'CONDITIONAL_EDGE', 'unique_numbers': 100, 'top5_avg': 1.838871, 'top12_avg': 1.560133, 'separation': 0.278738, 'mid_today': '33,18,23'}",LN-quiniela-v3-mid-night
2026-07-05T17:00:56Z,13:00,LN|2026-07-05|MID,120,"85,79,41","85,79,23,86,33,41,50,21,51,07,97,37",2.314369,1,1,120,0,,"{'window_used': 120, 'regime': 'MIXED', 'unique_numbers': 100, 'top5_avg': 1.753723, 'top12_avg': 1.508766, 'separation': 0.244957, 'mid_today': ''}",LN-quiniela-v3-mid-night
2026-07-05T20:01:00Z,16:00,LN|2026-07-05|NIGHT,120,"63,65,74","63,74,86,17,65,42,47,28,94,36,61,80",2.152327,3,1,120,1,"65,95,06","{'window_used': 120, 'regime': 'CONDITIONAL_EDGE', 'unique_numbers': 100, 'top5_avg': 1.830627, 'top12_avg': 1.551108, 'separation': 0.279519, 'mid_today': '65,95,06'}",LN-quiniela-v3-mid-night
2026-07-06T17:00:55Z,13:00,LN|2026-07-06|MID,120,"85,79,23","85,79,23,86,33,41,21,50,97,37,07,51",2.385516,1,1,120,0,,"{'window_used': 120, 'regime': 'MIXED', 'unique_numbers': 100, 'top5_avg': 1.752667, 'top12_avg': 1.489632, 'separation': 0.263034, 'mid_today': ''}",LN-quiniela-v3-mid-night
2026-07-06T20:01:04Z,16:00,LN|2026-07-06|NIGHT,120,"63,74,17","63,74,17,86,42,65,07,09,47,28,00,80",2.022968,4,1,120,1,"00,09,21","{'window_used': 120, 'regime': 'CONDITIONAL_EDGE', 'unique_numbers': 100, 'top5_avg': 1.773469, 'top12_avg': 1.540962, 'separation': 0.232507, 'mid_today': '00,09,21'}",LN-quiniela-v3-mid-night
2026-07-07T17:00:56Z,13:00,LN|2026-07-07|MID,120,"85,79,23","85,79,21,23,86,33,41,50,51,97,37,42",2.35941,0,1,120,0,,"{'window_used': 120, 'regime': 'MIXED', 'unique_numbers': 100, 'top5_avg': 1.788951, 'top12_avg': 1.504259, 'separation': 0.284691, 'mid_today': ''}",LN-quiniela-v3-mid-night
2026-07-07T20:01:02Z,16:00,LN|2026-07-07|NIGHT,120,"63,74,17","63,74,86,17,42,65,07,36,47,09,80,84",1.997804,4,1,120,1,"56,85,87","{'window_used': 120, 'regime': 'CONDITIONAL_EDGE', 'unique_numbers': 100, 'top5_avg': 1.797378, 'top12_avg': 1.535544, 'separation': 0.261834, 'mid_today': '56,85,87'}",LN-quiniela-v3-mid-night
2026-07-08T17:01:00Z,13:00,LN|2026-07-08|MID,120,"79,85,23","85,79,21,23,86,33,41,50,51,97,42,07",2.608305,1,1,120,0,,"{'window_used': 120, 'regime': 'MIXED', 'unique_numbers': 100, 'top5_avg': 1.829718, 'top12_avg': 1.511672, 'separation': 0.318047, 'mid_today': ''}",LN-quiniela-v3-mid-night
2026-07-08T20:00:59Z,16:00,LN|2026-07-08|NIGHT,120,"63,74,17","74,63,17,86,42,65,07,36,09,47,94,80",1.937231,4,1,120,1,"96,19,70","{'window_used': 120, 'regime': 'CONDITIONAL_EDGE', 'unique_numbers': 100, 'top5_avg': 1.741155, 'top12_avg': 1.500246, 'separation': 0.240909, 'mid_today': '96,19,70'}",LN-quiniela-v3-mid-night
2026-07-09T17:00:58Z,13:00,LN|2026-07-09|MID,120,"85,79,23","85,79,21,23,86,33,96,41,51,97,50,42",2.649846,1,1,120,0,,"{'window_used': 120, 'regime': 'MIXED', 'unique_numbers': 100, 'top5_avg': 1.821099, 'top12_avg': 1.514825, 'separation': 0.306274, 'mid_today': ''}",LN-quiniela-v3-mid-night
2026-07-09T20:01:01Z,16:00,LN|2026-07-09|NIGHT,120,"63,74,17","63,74,86,17,42,65,07,09,36,47,80,84",1.914171,5,1,120,1,"83,81,59","{'window_used': 120, 'regime': 'CONDITIONAL_EDGE', 'unique_numbers': 100, 'top5_avg': 1.703614, 'top12_avg': 1.483079, 'separation': 0.220535, 'mid_today': '83,81,59'}",LN-quiniela-v3-mid-night
2026-07-10T17:49:23Z,manual,LN|2026-07-10|MID,120,"85,79,21","85,79,21,23,33,96,86,81,41,51,97,50",2.580176,1,1,120,0,,"{'window_used': 120, 'regime': 'MIXED', 'unique_numbers': 100, 'top5_avg': 1.784456, 'top12_avg': 1.498536, 'separation': 0.285919, 'mid_today': ''}",LN-quiniela-v3-mid-night
2026-07-10T20:01:03Z,16:00,LN|2026-07-10|NIGHT,120,"63,74,17","42,63,74,86,17,65,36,07,09,47,94,80",1.935485,5,1,120,1,"40,34,83","{'window_used': 120, 'regime': 'CONDITIONAL_EDGE', 'unique_numbers': 100, 'top5_avg': 1.765529, 'top12_avg': 1.497471, 'separation': 0.268058, 'mid_today': '40,34,83'}",LN-quiniela-v3-mid-night
2026-07-11T17:00:59Z,13:00,LN|2026-07-11|MID,120,"85,79,21","85,79,21,23,33,86,96,81,51,97,50,41",2.637876,4,1,120,0,,"{'window_used': 120, 'regime': 'MIXED', 'unique_numbers': 100, 'top5_avg': 1.782068, 'top12_avg': 1.481642, 'separation': 0.300426, 'mid_today': ''}",LN-quiniela-v3-mid-night
2026-07-11T20:01:04Z,16:00,LN|2026-07-11|NIGHT,120,"63,74,42","42,63,74,17,86,89,65,09,07,47,23,36",2.322808,4,1,120,1,"25,43,10","{'window_used': 120, 'regime': 'CONDITIONAL_EDGE', 'unique_numbers': 100, 'top5_avg': 1.820002, 'top12_avg': 1.539102, 'separation': 0.280899, 'mid_today': '25,43,10'}",LN-quiniela-v3-mid-night
2026-07-12T17:00:58Z,13:00,LN|2026-07-12|MID,120,"85,79,21","85,79,21,23,96,33,86,81,51,97,50,41",2.608374,3,1,120,0,,"{'window_used': 120, 'regime': 'MIXED', 'unique_numbers': 100, 'top5_avg': 1.749264, 'top12_avg': 1.457517, 'separation': 0.291747, 'mid_today': ''}",LN-quiniela-v3-mid-night
2026-07-12T20:01:03Z,16:00,LN|2026-07-12|NIGHT,120,"42,63,74","42,74,63,86,89,17,65,84,09,97,07,36",2.205246,4,1,120,1,"86,79,25","{'window_used': 120, 'regime': 'CONDITIONAL_EDGE', 'unique_numbers': 100, 'top5_avg': 1.806493, 'top12_avg': 1.550533, 'separation': 0.25596, 'mid_today': '86,79,25'}",LN-quiniela-v3-mid-night
2026-07-13T17:00:59Z,13:00,LN|2026-07-13|MID,120,"85,79,23","85,79,86,21,23,96,33,81,51,41,97,42",2.534303,2,1,120,0,,"{'window_used': 120, 'regime': 'MIXED', 'unique_numbers': 100, 'top5_avg': 1.851674, 'top12_avg': 1.490819, 'separation': 0.360854, 'mid_today': ''}",LN-quiniela-v3-mid-night
2026-07-13T20:01:02Z,16:00,LN|2026-07-13|NIGHT,120,"63,42,74","42,63,74,86,17,89,65,97,84,07,09,54",2.184401,4,1,120,1,"53,67,88","{'window_used': 120, 'regime': 'CONDITIONAL_EDGE', 'unique_numbers': 100, 'top5_avg': 1.788766, 'top12_avg': 1.544933, 'separation': 0.243833, 'mid_today': '53,67,88'}",LN-quiniela-v3-mid-night
2026-07-14T17:00:59Z,13:00,LN|2026-07-14|MID,120,"85,79,21","85,79,86,21,23,96,33,81,51,53,97,41",2.503996,3,1,120,0,,"{'window_used': 120, 'regime': 'MIXED', 'unique_numbers': 100, 'top5_avg': 1.822853, 'top12_avg': 1.474026, 'separation': 0.348827, 'mid_today': ''}",LN-quiniela-v3-mid-night
2026-07-14T20:01:03Z,16:00,LN|2026-07-14|NIGHT,120,"74,42,63","42,74,63,86,89,17,65,07,97,09,84,59",2.196852,4,1,120,1,"75,05,00","{'window_used': 120, 'regime': 'CONDITIONAL_EDGE', 'unique_numbers': 100, 'top5_avg': 1.755002, 'top12_avg': 1.522349, 'separation': 0.232654, 'mid_today': '75,05,00'}",LN-quiniela-v3-mid-night
2026-07-15T17:00:58Z,13:00,LN|2026-07-15|MID,120,"85,79,21","85,79,86,21,23,96,33,81,00,51,53,88",2.42965,4,1,120,0,,"{'window_used': 120, 'regime': 'MIXED', 'unique_numbers': 100, 'top5_avg': 1.795059, 'top12_avg': 1.461676, 'separation': 0.333383, 'mid_today': ''}",LN-quiniela-v3-mid-night
2026-07-15T20:01:00Z,16:00,LN|2026-07-15|NIGHT,120,"42,74,63","42,63,74,86,89,17,80,97,84,65,54,59",2.17203,4,1,120,1,"01,30,94","{'window_used': 120, 'regime': 'CONDITIONAL_EDGE', 'unique_numbers': 100, 'top5_avg': 1.719819, 'top12_avg': 1.513214, 'separation': 0.206605, 'mid_today': '01,30,94'}",LN-quiniela-v3-mid-night
2026-07-16T17:00:58Z,13:00,LN|2026-07-16|MID,120,"85,79,86","85,79,86,21,23,96,33,81,00,53,25,51",2.379387,4,1,120,0,,"{'window_used': 120, 'regime': 'MIXED', 'unique_numbers': 100, 'top5_avg': 1.763529, 'top12_avg': 1.440942, 'separation': 0.322587, 'mid_today': ''}",LN-quiniela-v3-mid-night
2026-07-16T20:01:06Z,16:00,LN|2026-07-16|NIGHT,120,"63,42,74","42,63,74,89,80,17,86,65,97,82,84,59",2.14157,3,1,120,1,"04,78,63","{'window_used': 120, 'regime': 'CONDITIONAL_EDGE', 'unique_numbers': 100, 'top5_avg': 1.709518, 'top12_avg': 1.508528, 'separation': 0.20099, 'mid_today': '04,78,63'}",LN-quiniela-v3-mid-night
2026-07-17T17:00:58Z,13:00,LN|2026-07-17|MID,120,"85,79,21","85,79,86,21,23,96,33,63,81,78,00,53",2.349291,4,1,120,0,,"{'window_used': 120, 'regime': 'MIXED', 'unique_numbers': 100, 'top5_avg': 1.734358, 'top12_avg': 1.438257, 'separation': 0.296101, 'mid_today': ''}",LN-quiniela-v3-mid-night
2026-07-17T20:01:02Z,16:00,LN|2026-07-17|NIGHT,120,"42,74,63","42,74,63,89,80,17,97,86,82,84,65,59",2.115804,5,1,120,1,"73,79,99","{'window_used': 120, 'regime': 'CONDITIONAL_EDGE', 'unique_numbers': 100, 'top5_avg': 1.702447, 'top12_avg': 1.496751, 'separation': 0.205696, 'mid_today': '73,79,99'}",LN-quiniela-v3-mid-night
2026-07-18T17:01:01Z,13:00,LN|2026-07-18|MID,120,"85,79,21","85,79,86,21,23,96,33,00,81,78,63,53",2.299418,4,1,120,0,,"{'window_used': 120, 'regime': 'MIXED', 'unique_numbers': 100, 'top5_avg': 1.774703, 'top12_avg': 1.449523, 'separation': 0.325179, 'mid_today': ''}",LN-quiniela-v3-mid-night
2026-07-18T20:01:07Z,16:00,LN|2026-07-18|NIGHT,120,"42,74,63","42,74,63,89,80,17,86,84,82,97,34,65",2.19993,5,1,120,1,"24,36,44","{'window_used': 120, 'regime': 'CONDITIONAL_EDGE', 'unique_numbers': 100, 'top5_avg': 1.685235, 'top12_avg': 1.486262, 'separation': 0.198973, 'mid_today': '24,36,44'}",LN-quiniela-v3-mid-night
2026-07-19T17:01:00Z,13:00,LN|2026-07-19|MID,120,"85,79,21","85,79,86,21,23,96,33,81,44,78,63,00",2.269807,5,1,120,0,,"{'window_used': 120, 'regime': 'MIXED', 'unique_numbers': 100, 'top5_avg': 1.746979, 'top12_avg': 1.430368, 'separation': 0.316611, 'mid_today': ''}",LN-quiniela-v3-mid-night
2026-07-19T20:01:01Z,16:00,LN|2026-07-19|NIGHT,120,"42,74,63","42,97,74,63,89,80,17,86,82,84,65,54",2.134073,4,1,120,1,"24,45,87","{'window_used': 120, 'regime': 'CONDITIONAL_EDGE', 'unique_numbers': 100, 'top5_avg': 1.709047, 'top12_avg': 1.504308, 'separation': 0.204739, 'mid_today': '24,45,87'}",LN-quiniela-v3-mid-night
2026-07-20T17:01:04Z,13:00,LN|2026-07-20|MID,120,"85,79,86","79,85,86,21,23,24,96,33,78,63,44,87",2.215557,4,1,120,0,,"{'window_used': 120, 'regime': 'MIXED', 'unique_numbers': 100, 'top5_avg': 1.713868, 'top12_avg': 1.427908, 'separation': 0.28596, 'mid_today': ''}",LN-quiniela-v3-mid-night
2026-07-20T20:01:11Z,16:00,LN|2026-07-20|NIGHT,120,"42,63,17","42,97,63,74,89,17,80,82,86,65,84,59",2.103317,5,1,120,1,"90,22,15","{'window_used': 120, 'regime': 'CONDITIONAL_EDGE', 'unique_numbers': 100, 'top5_avg': 1.667992, 'top12_avg': 1.474011, 'separation': 0.19398, 'mid_today': '90,22,15'}",LN-quiniela-v3-mid-night
2026-07-21T17:00:31Z,13:00,LN|2026-07-21|MID,120,"79,85,86","79,85,86,21,23,24,33,78,96,63,44,87",2.277466,4,1,120,0,,"{'window_used': 120, 'regime': 'MIXED', 'unique_numbers': 100, 'top5_avg': 1.704321, 'top12_avg': 1.415274, 'separation': 0.289047, 'mid_today': ''}",LN-quiniela-v3-mid-night
2026-07-21T20:00:36Z,16:00,LN|2026-07-21|NIGHT,120,"42,63,74","42,97,84,63,74,80,17,89,82,86,26,65",2.067718,4,1,120,1,"48,35,30","{'window_used': 120, 'regime': 'CONDITIONAL_EDGE', 'unique_numbers': 100, 'top5_avg': 1.677878, 'top12_avg': 1.479981, 'separation': 0.197897, 'mid_today': '48,35,30'}",LN-quiniela-v3-mid-night
2026-07-22T17:00:28Z,13:00,LN|2026-07-22|MID,120,"79,85,86","79,85,86,21,24,23,30,44,33,96,63,87",2.25211,4,1,120,0,,"{'window_used': 120, 'regime': 'MIXED', 'unique_numbers': 100, 'top5_avg': 1.680389, 'top12_avg': 1.407243, 'separation': 0.273146, 'mid_today': ''}",LN-quiniela-v3-mid-night
2026-07-22T20:00:32Z,16:00,LN|2026-07-22|NIGHT,120,"42,63,97","42,97,84,82,59,63,74,80,36,17,89,86",2.008318,2,1,120,1,"60,08,02","{'window_used': 120, 'regime': 'CONDITIONAL_EDGE', 'unique_numbers': 100, 'top5_avg': 1.687572, 'top12_avg': 1.521579, 'separation': 0.165992, 'mid_today': '60,08,02'}",LN-quiniela-v3-mid-night
2026-07-23T17:00:28Z,13:00,LN|2026-07-23|MID,120,"79,85,86","79,85,86,24,21,30,23,87,44,33,96,63",2.160899,3,1,120,0,,"{'window_used': 120, 'regime': 'MIXED', 'unique_numbers': 100, 'top5_avg': 1.650859, 'top12_avg': 1.390388, 'separation': 0.260471, 'mid_today': ''}",LN-quiniela-v3-mid-night
2026-07-23T20:00:37Z,16:00,LN|2026-07-23|NIGHT,120,"42,74,97","42,97,84,59,82,63,74,17,07,80,36,89",1.909146,2,1,120,1,"54,19,77","{'window_used': 120, 'regime': 'CONDITIONAL_EDGE', 'unique_numbers': 100, 'top5_avg': 1.668844, 'top12_avg': 1.519981, 'separation': 0.148864, 'mid_today': '54,19,77'}",LN-quiniela-v3-mid-night
2026-07-24T17:00:28Z,13:00,LN|2026-07-24|MID,120,"79,85,86","79,85,86,30,24,21,23,87,44,33,96,63",2.115593,4,1,120,0,,"{'window_used': 120, 'regime': 'MIXED', 'unique_numbers': 100, 'top5_avg': 1.632229, 'top12_avg': 1.377562, 'separation': 0.254667, 'mid_today': ''}",LN-quiniela-v3-mid-night
2026-07-24T20:00:34Z,16:00,LN|2026-07-24|NIGHT,120,"42,63,97","42,17,97,82,84,63,59,74,07,77,80,28",1.884223,2,1,120,1,"65,87,68","{'window_used': 120, 'regime': 'CONDITIONAL_EDGE', 'unique_numbers': 100, 'top5_avg': 1.674501, 'top12_avg': 1.534103, 'separation': 0.140398, 'mid_today': '65,87,68'}",LN-quiniela-v3-mid-night
2026-07-25T17:00:49Z,13:00,LN|2026-07-25|MID,120,"85,79,86","79,85,87,86,30,24,21,23,44,63,96,33",2.046173,3,1,120,0,,"{'window_used': 120, 'regime': 'MIXED', 'unique_numbers': 100, 'top5_avg': 1.650969, 'top12_avg': 1.38293, 'separation': 0.268038, 'mid_today': ''}",LN-quiniela-v3-mid-night
2026-07-25T20:00:52Z,16:00,LN|2026-07-25|NIGHT,120,"42,63,59","42,17,97,84,59,82,63,74,07,77,36,80",1.859566,2,1,120,1,"57,04,61","{'window_used': 120, 'regime': 'CONDITIONAL_EDGE', 'unique_numbers': 100, 'top5_avg': 1.6545, 'top12_avg': 1.527699, 'separation': 0.126801, 'mid_today': '57,04,61'}",LN-quiniela-v3-mid-night
2026-07-26T17:00:53Z,13:00,LN|2026-07-26|MID,120,"79,85,86","79,85,87,86,30,24,21,61,04,23,44,96",2.020762,4,1,120,0,,"{'window_used': 120, 'regime': 'MIXED', 'unique_numbers': 100, 'top5_avg': 1.63416, 'top12_avg': 1.386147, 'separation': 0.248013, 'mid_today': ''}",LN-quiniela-v3-mid-night
2026-07-26T20:00:55Z,16:00,LN|2026-07-26|NIGHT,120,"42,97,74","42,17,97,84,82,59,74,63,07,77,80,36",1.835187,2,1,120,1,"71,50,21","{'window_used': 120, 'regime': 'CONDITIONAL_EDGE', 'unique_numbers': 100, 'top5_avg': 1.615898, 'top12_avg': 1.484972, 'separation': 0.130926, 'mid_today': '71,50,21'}",LN-quiniela-v3-mid-night
2026-07-27T17:00:50Z,13:00,LN|2026-07-27|MID,120,"79,85,86","79,85,21,87,86,30,24,61,04,50,23,44",1.995445,3,1,120,0,,"{'window_used': 120, 'regime': 'MIXED', 'unique_numbers': 100, 'top5_avg': 1.665741, 'top12_avg': 1.409026, 'separation': 0.256715, 'mid_today': ''}",LN-quiniela-v3-mid-night
2026-07-27T20:00:56Z,16:00,LN|2026-07-27|NIGHT,120,"42,97,17","42,17,97,84,82,33,59,77,74,07,63,28",1.811094,3,1,120,1,"77,94,89","{'window_used': 120, 'regime': 'CONDITIONAL_EDGE', 'unique_numbers': 100, 'top5_avg': 1.635088, 'top12_avg': 1.513478, 'separation': 0.12161, 'mid_today': '77,94,89'}",LN-quiniela-v3-mid-night
2026-07-28T17:00:52Z,13:00,LN|2026-07-28|MID,120,"79,85,87","79,85,87,21,86,24,30,61,04,50,23,44",1.97028,4,1,120,0,,"{'window_used': 120, 'regime': 'MIXED', 'unique_numbers': 100, 'top5_avg': 1.657757, 'top12_avg': 1.396598, 'separation': 0.261159, 'mid_today': ''}",LN-quiniela-v3-mid-night
2026-07-28T20:00:56Z,16:00,LN|2026-07-28|NIGHT,120,"42,97,17","42,74,17,97,33,84,59,82,77,63,07,28",1.867293,3,1,120,1,"60,40,47","{'window_used': 120, 'regime': 'CONDITIONAL_EDGE', 'unique_numbers': 100, 'top5_avg': 1.660007, 'top12_avg': 1.517713, 'separation': 0.142293, 'mid_today': '60,40,47'}",LN-quiniela-v3-mid-night
2026-07-29T17:00:53Z,13:00,LN|2026-07-29|MID,120,"79,85,87","79,85,21,87,86,24,61,30,04,50,23,44",1.945306,4,1,120,0,,"{'window_used': 120, 'regime': 'MIXED', 'unique_numbers': 100, 'top5_avg': 1.638948, 'top12_avg': 1.384528, 'separation': 0.25442, 'mid_today': ''}",LN-quiniela-v3-mid-night
2026-07-29T20:00:56Z,16:00,LN|2026-07-29|NIGHT,120,"42,74,17","42,74,17,33,97,84,82,59,07,63,36,77",1.763789,3,1,120,1,"03,53,06","{'window_used': 120, 'regime': 'CONDITIONAL_EDGE', 'unique_numbers': 100, 'top5_avg': 1.626551, 'top12_avg': 1.498439, 'separation': 0.128112, 'mid_today': '03,53,06'}",LN-quiniela-v3-mid-night
2026-07-30T17:00:54Z,13:00,LN|2026-07-30|MID,120,"79,85,21","79,85,21,87,53,86,24,61,30,50,04,23",1.876554,3,1,120,0,,"{'window_used': 120, 'regime': 'MIXED', 'unique_numbers': 100, 'top5_avg': 1.630414, 'top12_avg': 1.391057, 'separation': 0.239357, 'mid_today': ''}",LN-quiniela-v3-mid-night
2026-07-30T20:00:57Z,16:00,LN|2026-07-30|NIGHT,120,"42,17,97","42,74,17,89,84,97,82,33,59,77,07,28",1.750585,4,1,120,1,"27,87,82","{'window_used': 120, 'regime': 'CONDITIONAL_EDGE', 'unique_numbers': 100, 'top5_avg': 1.641375, 'top12_avg': 1.528331, 'separation': 0.113044, 'mid_today': '27,87,82'}",LN-quiniela-v3-mid-night
2026-07-31T17:00:55Z,13:00,LN|2026-07-31|MID,120,"79,85,21","79,85,87,21,53,86,30,24,50,61,04,23",1.852045,3,1,120,0,,"{'window_used': 120, 'regime': 'MIXED', 'unique_numbers': 100, 'top5_avg': 1.678049, 'top12_avg': 1.393771, 'separation': 0.284278, 'mid_today': ''}",LN-quiniela-v3-mid-night
2026-07-31T20:00:56Z,16:00,LN|2026-07-31|NIGHT,120,"97,42,17","74,42,17,97,33,89,84,82,07,59,77,63",1.699261,3,1,120,1,"99,07,95","{'window_used': 120, 'regime': 'CONDITIONAL_EDGE', 'unique_numbers': 100, 'top5_avg': 1.61072, 'top12_avg': 1.482458, 'separation': 0.128262, 'mid_today': '99,07,95'}",LN-quiniela-v3-mid-night
2026-08-01T18:04:06Z,13:00,LN|2026-08-01|MID,120,"79,85,21","79,85,87,21,53,99,86,30,61,24,50,07",1.827796,2,1,120,0,,"{'window_used': 120, 'regime': 'MIXED', 'unique_numbers': 100, 'top5_avg': 1.654035, 'top12_avg': 1.3767, 'separation': 0.277336, 'mid_today': ''}",LN-quiniela-v3-mid-night
2026-08-01T20:01:19Z,16:00,LN|2026-08-01|NIGHT,120,"42,74,17","74,42,63,89,17,33,84,82,97,46,59,28",1.681318,2,1,120,1,"69,45,88","{'window_used': 120, 'regime': 'CONDITIONAL_EDGE', 'unique_numbers': 100, 'top5_avg': 1.617719, 'top12_avg': 1.483866, 'separation': 0.133852, 'mid_today': '69,45,88'}",LN-quiniela-v3-mid-night
2026-08-02T17:01:05Z,13:00,LN|2026-08-02|MID,120,"79,85,87","87,79,85,21,53,99,45,88,86,30,61,24",1.81703,3,1,120,0,,"{'window_used': 120, 'regime': 'MIXED', 'unique_numbers': 100, 'top5_avg': 1.635958, 'top12_avg': 1.385364, 'separation': 0.250594, 'mid_today': ''}",LN-quiniela-v3-mid-night
2026-08-02T20:01:14Z,16:00,LN|2026-08-02|NIGHT,120,"42,17,74","07,74,42,17,63,89,33,97,82,28,59,46",1.669062,2,1,120,1,"21,29,67","{'window_used': 120, 'regime': 'CONDITIONAL_EDGE', 'unique_numbers': 100, 'top5_avg': 1.619988, 'top12_avg': 1.483259, 'separation': 0.136729, 'mid_today': '21,29,67'}",LN-quiniela-v3-mid-night
2026-08-03T17:01:05Z,13:00,LN|2026-08-03|MID,120,"79,85,87","87,21,79,85,53,99,45,88,86,67,61,30",1.835667,2,1,120,0,,"{'window_used': 120, 'regime': 'MIXED', 'unique_numbers': 100, 'top5_avg': 1.683718, 'top12_avg': 1.398424, 'separation': 0.285294, 'mid_today': ''}",LN-quiniela-v3-mid-night
2026-08-04T20:00:19Z,16:00,LN|2026-08-04|NIGHT,120,"17,74,42","74,07,42,17,33,63,89,97,82,46,77,28",1.659242,4,1,120,1,"04,17,95","{'window_used': 120, 'regime': 'CONDITIONAL_EDGE', 'unique_numbers': 100, 'top5_avg': 1.602256, 'top12_avg': 1.460026, 'separation': 0.14223, 'mid_today': '04,17,95'}",LN-quiniela-v3-mid-night
2026-08-05T17:00:55Z,13:00,LN|2026-08-05|MID,120,"79,21,87","21,87,79,85,04,95,53,45,88,99,67,86",1.844452,2,1,120,0,,"{'window_used': 120, 'regime': 'MIXED', 'unique_numbers': 100, 'top5_avg': 1.685423, 'top12_avg': 1.423557, 'separation': 0.261867, 'mid_today': ''}",LN-quiniela-v3-mid-night
2026-08-05T20:01:02Z,16:00,LN|2026-08-05|NIGHT,120,"74,42,33","74,07,42,63,33,89,17,46,97,82,47,59",1.63986,4,1,120,1,"66,49,04","{'window_used': 120, 'regime': 'CONDITIONAL_EDGE', 'unique_numbers': 100, 'top5_avg': 1.586977, 'top12_avg': 1.429174, 'separation': 0.157803, 'mid_today': '66,49,04'}",LN-quiniela-v3-mid-night
2026-08-06T17:00:58Z,13:00,LN|2026-08-06|MID,120,"21,79,85","21,04,87,79,85,95,45,53,88,99,67,86",1.862377,3,1,120,0,,"{'window_used': 120, 'regime': 'MIXED', 'unique_numbers': 100, 'top5_avg': 1.742049, 'top12_avg': 1.444179, 'separation': 0.29787, 'mid_today': ''}",LN-quiniela-v3-mid-night
2026-08-06T20:00:57Z,16:00,LN|2026-08-06|NIGHT,120,"42,17,74","07,74,42,33,63,89,17,31,97,82,46,77",1.609054,4,1,120,1,"87,21,12","{'window_used': 120, 'regime': 'CONDITIONAL_EDGE', 'unique_numbers': 100, 'top5_avg': 1.563032, 'top12_avg': 1.431488, 'separation': 0.131545, 'mid_today': '87,21,12'}",LN-quiniela-v3-mid-night
2026-08-07T17:00:18Z,13:00,LN|2026-08-07|MID,120,"79,85,21","21,87,04,79,85,95,45,53,88,67,99,86",2.177493,2,1,120,0,,"{'window_used': 120, 'regime': 'MIXED', 'unique_numbers': 100, 'top5_avg': 1.845225, 'top12_avg': 1.478602, 'separation': 0.366623, 'mid_today': ''}",LN-quiniela-v3-mid-night
2026-08-07T20:00:37Z,16:00,LN|2026-08-07|NIGHT,120,"63,74,42","63,74,07,42,33,17,89,03,31,97,46,82",1.608849,5,1,120,1,"13,58,61","{'window_used': 120, 'regime': 'CONDITIONAL_EDGE', 'unique_numbers': 100, 'top5_avg': 1.54253, 'top12_avg': 1.417845, 'separation': 0.124685, 'mid_today': '13,58,61'}",LN-quiniela-v3-mid-night
2026-08-08T17:01:00Z,13:00,LN|2026-08-08|MID,120,"87,21,79","21,87,04,79,85,61,95,45,53,88,67,17",2.121136,2,1,120,0,,"{'window_used': 120, 'regime': 'MIXED', 'unique_numbers': 100, 'top5_avg': 1.832235, 'top12_avg': 1.489029, 'separation': 0.343207, 'mid_today': ''}",LN-quiniela-v3-mid-night
2026-08-08T20:01:02Z,16:00,LN|2026-08-08|NIGHT,120,"74,42,17","07,74,42,63,89,17,33,03,31,82,97,46",1.900378,5,1,120,1,"80,50,77","{'window_used': 120, 'regime': 'CONDITIONAL_EDGE', 'unique_numbers': 100, 'top5_avg': 1.57577, 'top12_avg': 1.423399, 'separation': 0.152371, 'mid_today': '80,50,77'}",LN-quiniela-v3-mid-night
2026-08-09T17:01:05Z,13:00,LN|2026-08-09|MID,120,"87,21,79","21,87,04,79,85,61,95,50,77,53,45,88",2.101477,2,1,120,0,,"{'window_used': 120, 'regime': 'MIXED', 'unique_numbers': 100, 'top5_avg': 1.813881, 'top12_avg': 1.504569, 'separation': 0.309312, 'mid_today': ''}",LN-quiniela-v3-mid-night
2026-08-09T20:01:06Z,16:00,LN|2026-08-09|NIGHT,120,"07,74,03","07,74,63,03,42,89,33,17,31,97,46,82",1.901968,4,1,120,1,"03,18,04","{'window_used': 120, 'regime': 'CONDITIONAL_EDGE', 'unique_numbers': 100, 'top5_avg': 1.580748, 'top12_avg': 1.414923, 'separation': 0.165825, 'mid_today': '03,18,04'}",LN-quiniela-v3-mid-night
2026-08-10T17:01:00Z,13:00,LN|2026-08-10|MID,120,"87,21,79","04,87,21,79,85,61,95,50,77,53,45,88",2.05517,2,1,120,0,,"{'window_used': 120, 'regime': 'MIXED', 'unique_numbers': 100, 'top5_avg': 1.859343, 'top12_avg': 1.518376, 'separation': 0.340967, 'mid_today': ''}",LN-quiniela-v3-mid-night
2026-08-10T20:00:59Z,16:00,LN|2026-08-10|NIGHT,120,"07,42,74","07,42,74,63,89,03,33,31,17,54,46,82",1.896196,4,1,120,1,"42,54,55","{'window_used': 120, 'regime': 'CONDITIONAL_EDGE', 'unique_numbers': 100, 'top5_avg': 1.555091, 'top12_avg': 1.392133, 'separation': 0.162958, 'mid_today': '42,54,55'}",LN-quiniela-v3-mid-night
2026-08-11T17:01:07Z,13:00,LN|2026-08-11|MID,120,"21,87,79","21,04,87,79,85,61,95,50,77,45,88,53",2.077181,2,1,120,0,,"{'window_used': 120, 'regime': 'MIXED', 'unique_numbers': 100, 'top5_avg': 1.849745, 'top12_avg': 1.506202, 'separation': 0.343544, 'mid_today': ''}",LN-quiniela-v3-mid-night
2026-08-11T20:01:18Z,16:00,LN|2026-08-11|NIGHT,120,"07,63,42","07,63,42,74,03,89,33,31,17,97,82,34",2.274216,4,1,120,1,"88,28,03","{'window_used': 120, 'regime': 'CONDITIONAL_EDGE', 'unique_numbers': 100, 'top5_avg': 1.609758, 'top12_avg': 1.40384, 'separation': 0.205918, 'mid_today': '88,28,03'}",LN-quiniela-v3-mid-night
2026-08-12T17:01:10Z,13:00,LN|2026-08-12|MID,120,"21,87,79","21,04,87,79,88,85,61,50,95,77,03,45",2.053818,2,1,120,0,,"{'window_used': 120, 'regime': 'MIXED', 'unique_numbers': 100, 'top5_avg': 1.8214, 'top12_avg': 1.532147, 'separation': 0.289252, 'mid_today': ''}",LN-quiniela-v3-mid-night
2026-08-12T20:01:13Z,16:00,LN|2026-08-12|NIGHT,120,"07,42,74","07,38,42,74,63,03,89,33,31,17,97,34",2.281008,3,1,120,1,"99,08,58","{'window_used': 120, 'regime': 'CONDITIONAL_EDGE', 'unique_numbers': 100, 'top5_avg': 1.609364, 'top12_avg': 1.407826, 'separation': 0.201538, 'mid_today': '99,08,58'}",LN-quiniela-v3-mid-night
2026-08-13T17:01:09Z,13:00,LN|2026-08-13|MID,120,"21,87,04","04,21,87,88,85,79,61,99,50,95,58,03",2.100424,4,1,120,0,,"{'window_used': 120, 'regime': 'MIXED', 'unique_numbers': 100, 'top5_avg': 1.815549, 'top12_avg': 1.53364, 'separation': 0.28191, 'mid_today': ''}",LN-quiniela-v3-mid-night
2026-08-13T20:01:13Z,16:00,LN|2026-08-13|NIGHT,120,"07,89,63","07,38,74,63,03,89,42,31,33,17,86,97",2.250511,4,1,120,1,"03,89,17","{'window_used': 120, 'regime': 'CONDITIONAL_EDGE', 'unique_numbers': 100, 'top5_avg': 1.569691, 'top12_avg': 1.411378, 'separation': 0.158313, 'mid_today': '03,89,17'}",LN-quiniela-v3-mid-night
2026-08-14T17:00:25Z,13:00,LN|2026-08-14|MID,120,"04,21,87","04,21,87,03,85,79,17,88,61,99,50,95",2.127934,4,1,120,0,,"{'window_used': 120, 'regime': 'MIXED', 'unique_numbers': 100, 'top5_avg': 1.823756, 'top12_avg': 1.557031, 'separation': 0.266725, 'mid_today': ''}",LN-quiniela-v3-mid-night
2026-08-14T20:00:29Z,16:00,LN|2026-08-14|NIGHT,120,"07,42,74","07,17,42,38,74,63,31,89,03,33,86,82",2.169305,3,1,120,1,"42,51,82","{'window_used': 120, 'regime': 'CONDITIONAL_EDGE', 'unique_numbers': 100, 'top5_avg': 1.592504, 'top12_avg': 1.406085, 'separation': 0.186419, 'mid_today': '42,51,82'}",LN-quiniela-v3-mid-night
2026-08-15T17:00:24Z,13:00,LN|2026-08-15|MID,120,"04,21,87","04,21,87,03,85,88,79,17,99,42,61,50",2.084769,3,1,120,0,,"{'window_used': 120, 'regime': 'MIXED', 'unique_numbers': 100, 'top5_avg': 1.793075, 'top12_avg': 1.545294, 'separation': 0.247781, 'mid_today': ''}",LN-quiniela-v3-mid-night
2026-08-15T20:00:32Z,16:00,LN|2026-08-15|NIGHT,120,"07,74,17","07,89,17,38,74,63,42,31,87,86,03,33",2.144822,2,1,120,1,"89,90,26","{'window_used': 120, 'regime': 'CONDITIONAL_EDGE', 'unique_numbers': 100, 'top5_avg': 1.641679, 'top12_avg': 1.429197, 'separation': 0.212482, 'mid_today': '89,90,26'}",LN-quiniela-v3-mid-night
2026-08-16T17:00:28Z,13:00,LN|2026-08-16|MID,120,"04,21,87","04,21,87,03,89,85,88,17,79,99,42,58",2.061265,4,1,120,0,,"{'window_used': 120, 'regime': 'MIXED', 'unique_numbers': 100, 'top5_avg': 1.775443, 'top12_avg': 1.546723, 'separation': 0.22872, 'mid_today': ''}",LN-quiniela-v3-mid-night
2026-08-16T20:00:31Z,16:00,LN|2026-08-16|NIGHT,120,"07,89,74","07,89,17,38,36,74,28,63,86,87,31,03",2.169694,1,1,120,1,"89,90,26","{'window_used': 120, 'regime': 'CONDITIONAL_EDGE', 'unique_numbers': 100, 'top5_avg': 1.630385, 'top12_avg': 1.439573, 'separation': 0.190813, 'mid_today': '89,90,26'}",LN-quiniela-v3-mid-night
2026-08-17T17:00:26Z,13:00,LN|2026-08-17|MID,120,"04,21,87","04,21,87,03,89,85,88,17,79,99,42,58",2.061265,4,1,120,0,,"{'window_used': 120, 'regime': 'MIXED', 'unique_numbers': 100, 'top5_avg': 1.775443, 'top12_avg': 1.546723, 'separation': 0.22872, 'mid_today': ''}",LN-quiniela-v3-mid-night
2026-08-17T20:00:30Z,16:00,LN|2026-08-17|NIGHT,120,"07,89,63","07,89,17,38,74,36,31,63,28,03,33,42",2.169694,1,1,120,1,"58,93,32","{'window_used': 120, 'regime': 'CONDITIONAL_EDGE', 'unique_numbers': 100, 'top5_avg': 1.613576, 'top12_avg': 1.434102, 'separation': 0.179474, 'mid_today': '58,93,32'}",LN-quiniela-v3-mid-night
2026-08-18T17:00:28Z,13:00,LN|2026-08-18|MID,120,"04,21,87","04,21,87,58,03,89,85,88,17,79,99,42",1.99362,3,1,120,0,,"{'window_used': 120, 'regime': 'MIXED', 'unique_numbers': 100, 'top5_avg': 1.780882, 'top12_avg': 1.555926, 'separation': 0.224956, 'mid_today': ''}",LN-quiniela-v3-mid-night
2026-08-18T20:00:29Z,16:00,LN|2026-08-18|NIGHT,120,"07,03,74","07,89,17,54,36,38,74,03,63,28,33,42",2.164257,1,1,120,1,"34,22,03","{'window_used': 120, 'regime': 'CONDITIONAL_EDGE', 'unique_numbers': 100, 'top5_avg': 1.617593, 'top12_avg': 1.438528, 'separation': 0.179065, 'mid_today': '34,22,03'}",LN-quiniela-v3-mid-night
2026-08-19T17:00:28Z,13:00,LN|2026-08-19|MID,120,"04,21,87","03,04,21,87,58,89,85,88,17,79,99,42",1.926461,3,1,120,0,,"{'window_used': 120, 'regime': 'MIXED', 'unique_numbers': 100, 'top5_avg': 1.831043, 'top12_avg': 1.566053, 'separation': 0.264989, 'mid_today': ''}",LN-quiniela-v3-mid-night
2026-08-19T20:00:34Z,16:00,LN|2026-08-19|NIGHT,120,"07,74,89","07,17,89,95,38,54,74,36,28,42,63,87",2.118706,2,1,120,1,"40,72,18","{'window_used': 120, 'regime': 'CONDITIONAL_EDGE', 'unique_numbers': 100, 'top5_avg': 1.719203, 'top12_avg': 1.482122, 'separation': 0.237081, 'mid_today': '40,72,18'}",LN-quiniela-v3-mid-night
2026-08-20T17:00:21Z,13:00,LN|2026-08-20|MID,120,"04,21,87","04,03,21,87,58,89,85,88,17,79,99,42",1.902363,3,1,120,0,,"{'window_used': 120, 'regime': 'MIXED', 'unique_numbers': 100, 'top5_avg': 1.791503, 'top12_avg': 1.548413, 'separation': 0.243091, 'mid_today': ''}",LN-quiniela-v3-mid-night
2026-08-20T20:00:30Z,16:00,LN|2026-08-20|NIGHT,120,"07,28,17","07,17,38,89,87,95,28,36,54,74,63,86",2.093168,1,1,120,1,"28,79,28","{'window_used': 120, 'regime': 'CONDITIONAL_EDGE', 'unique_numbers': 100, 'top5_avg': 1.761123, 'top12_avg': 1.523835, 'separation': 0.237288, 'mid_today': '28,79,28'}",LN-quiniela-v3-mid-night
2026-08-21T17:01:00Z,13:00,LN|2026-08-21|MID,120,"04,21,03","03,04,28,21,87,79,58,89,85,88,17,99",1.942634,3,1,120,0,,"{'window_used': 120, 'regime': 'MIXED', 'unique_numbers': 100, 'top5_avg': 1.824138, 'top12_avg': 1.605441, 'separation': 0.218698, 'mid_today': ''}",LN-quiniela-v3-mid-night
2026-08-21T20:01:03Z,16:00,LN|2026-08-21|NIGHT,120,"07,17,38","07,17,38,74,89,95,87,54,82,97,36,28",2.023725,1,1,120,1,"82,54,16","{'window_used': 120, 'regime': 'CONDITIONAL_EDGE', 'unique_numbers': 100, 'top5_avg': 1.765507, 'top12_avg': 1.561695, 'separation': 0.203812, 'mid_today': '82,54,16'}",LN-quiniela-v3-mid-night
2026-08-22T17:01:01Z,13:00,LN|2026-08-22|MID,120,"04,21,03","03,04,28,21,87,79,58,89,82,54,85,88",1.960256,3,1,120,0,,"{'window_used': 120, 'regime': 'MIXED', 'unique_numbers': 100, 'top5_avg': 1.812578, 'top12_avg': 1.614162, 'separation': 0.198417, 'mid_today': ''}",LN-quiniela-v3-mid-night
2026-08-22T20:01:05Z,16:00,LN|2026-08-22|NIGHT,120,"07,38,17","07,17,38,74,89,95,87,97,36,28,54,82",2.058435,2,1,120,1,"88,06,30","{'window_used': 120, 'regime': 'CONDITIONAL_EDGE', 'unique_numbers': 100, 'top5_avg': 1.772144, 'top12_avg': 1.559532, 'separation': 0.212612, 'mid_today': '88,06,30'}",LN-quiniela-v3-mid-night
2026-08-23T17:00:57Z,13:00,LN|2026-08-23|MID,120,"03,04,21","03,28,04,21,88,87,79,58,89,82,54,85",1.946529,3,1,120,0,,"{'window_used': 120, 'regime': 'MIXED', 'unique_numbers': 100, 'top5_avg': 1.786396, 'top12_avg': 1.628407, 'separation': 0.15799, 'mid_today': ''}",LN-quiniela-v3-mid-night
2026-08-23T20:01:03Z,16:00,LN|2026-08-23|NIGHT,120,"07,17,38","07,17,38,95,89,74,87,31,36,97,54,82",1.953339,2,1,120,1,"49,36,19","{'window_used': 120, 'regime': 'CONDITIONAL_EDGE', 'unique_numbers': 100, 'top5_avg': 1.764592, 'top12_avg': 1.560639, 'separation': 0.203953, 'mid_today': '49,36,19'}",LN-quiniela-v3-mid-night
2026-08-24T17:00:57Z,13:00,LN|2026-08-24|MID,120,"03,04,21","03,28,04,21,79,88,87,58,89,82,54,85",1.926085,2,1,120,0,,"{'window_used': 120, 'regime': 'MIXED', 'unique_numbers': 100, 'top5_avg': 1.773273, 'top12_avg': 1.617001, 'separation': 0.156271, 'mid_today': ''}",LN-quiniela-v3-mid-night
2026-08-25T17:17:13Z,13:00,LN|2026-08-25|MID,120,"03,04,21","03,28,04,21,79,87,88,58,82,89,54,85",1.861262,4,1,120,0,,"{'window_used': 120, 'regime': 'MIXED', 'unique_numbers': 100, 'top5_avg': 1.718334, 'top12_avg': 1.587357, 'separation': 0.130978, 'mid_today': ''}",LN-quiniela-v3-mid-night
2026-08-25T20:01:31Z,16:00,LN|2026-08-25|NIGHT,120,"17,07,74","17,07,74,38,95,86,87,63,89,31,97,54",1.934475,3,1,120,1,"56,50,17","{'window_used': 120, 'regime': 'CONDITIONAL_EDGE', 'unique_numbers': 100, 'top5_avg': 1.785443, 'top12_avg': 1.604004, 'separation': 0.181438, 'mid_today': '56,50,17'}",LN-quiniela-v3-mid-night
2026-08-26T17:00:49Z,13:00,LN|2026-08-26|MID,120,"03,04,21","03,28,04,79,21,88,17,87,58,82,89,50",1.840256,3,1,120,0,,"{'window_used': 120, 'regime': 'MIXED', 'unique_numbers': 100, 'top5_avg': 1.694007, 'top12_avg': 1.598894, 'separation': 0.095112, 'mid_today': ''}",LN-quiniela-v3-mid-night
2026-08-26T20:00:55Z,16:00,LN|2026-08-26|NIGHT,120,"07,17,74","74,07,17,38,63,95,87,89,86,31,97,82",1.928363,4,1,120,1,"62,72,09","{'window_used': 120, 'regime': 'CONDITIONAL_EDGE', 'unique_numbers': 100, 'top5_avg': 1.759732, 'top12_avg': 1.578882, 'separation': 0.180851, 'mid_today': '62,72,09'}",LN-quiniela-v3-mid-night
2026-08-27T17:00:55Z,13:00,LN|2026-08-27|MID,120,"03,21,04","03,28,79,88,21,04,87,17,58,82,89,50",1.775195,5,1,120,0,,"{'window_used': 120, 'regime': 'MIXED', 'unique_numbers': 100, 'top5_avg': 1.662665, 'top12_avg': 1.570038, 'separation': 0.092627, 'mid_today': ''}",LN-quiniela-v3-mid-night
2026-08-27T20:00:55Z,16:00,LN|2026-08-27|NIGHT,120,"07,17,38","07,74,17,38,86,95,63,87,89,31,97,54",2.284521,3,1,120,1,"58,06,05","{'window_used': 120, 'regime': 'CONDITIONAL_EDGE', 'unique_numbers': 100, 'top5_avg': 1.810064, 'top12_avg': 1.58444, 'separation': 0.225624, 'mid_today': '58,06,05'}",LN-quiniela-v3-mid-night
2026-08-28T17:00:49Z,13:00,LN|2026-08-28|MID,120,"03,04,21","58,03,28,79,88,04,21,17,87,82,89,50",1.863271,4,1,120,0,,"{'window_used': 120, 'regime': 'MIXED', 'unique_numbers': 100, 'top5_avg': 1.699115, 'top12_avg': 1.575819, 'separation': 0.123296, 'mid_today': ''}",LN-quiniela-v3-mid-night
2026-08-28T23:20:07Z,manual,LN|2026-08-28|NIGHT,120,"07,17,38","07,74,17,36,38,63,86,31,95,87,89,97",2.151788,2,1,120,1,"80,30,48","{'window_used': 120, 'regime': 'CONDITIONAL_EDGE', 'unique_numbers': 100, 'top5_avg': 1.79572, 'top12_avg': 1.588995, 'separation': 0.206725, 'mid_today': '80,30,48'}",LN-quiniela-v3-mid-night
2026-08-29T17:00:54Z,13:00,LN|2026-08-29|MID,120,"03,28,58","58,28,03,17,79,88,04,21,30,87,50,82",1.770793,4,1,120,0,,"{'window_used': 120, 'regime': 'MIXED', 'unique_numbers': 100, 'top5_avg': 1.676475, 'top12_avg': 1.573361, 'separation': 0.103115, 'mid_today': ''}",LN-quiniela-v3-mid-night
2026-08-29T20:00:37Z,16:00,LN|2026-08-29|NIGHT,120,"07,74,17","07,17,74,36,38,87,86,63,31,97,95,89",2.171759,2,1,120,1,"87,31,97","{'window_used': 120, 'regime': 'CONDITIONAL_EDGE', 'unique_numbers': 100, 'top5_avg': 1.866645, 'top12_avg': 1.638198, 'separation': 0.228447, 'mid_today': '87,31,97'}",LN-quiniela-v3-mid-night
2026-08-30T17:00:16Z,13:00,LN|2026-08-30|MID,120,"03,28,04","87,28,58,03,17,79,88,04,21,30,82,50",1.828859,3,1,120,0,,"{'window_used': 120, 'regime': 'MIXED', 'unique_numbers': 100, 'top5_avg': 1.705221, 'top12_avg': 1.579938, 'separation': 0.125283, 'mid_today': ''}",LN-quiniela-v3-mid-night
2026-08-30T20:00:25Z,16:00,LN|2026-08-30|NIGHT,120,"07,17,74","07,17,74,36,38,63,86,95,87,89,97,31",2.125015,2,1,120,1,"91,52,55","{'window_used': 120, 'regime': 'CONDITIONAL_EDGE', 'unique_numbers': 100, 'top5_avg': 1.81088, 'top12_avg': 1.569399, 'separation': 0.241482, 'mid_today': '91,52,55'}",LN-quiniela-v3-mid-night
2026-08-31T17:00:16Z,13:00,LN|2026-08-31|MID,120,"28,03,58","87,58,28,03,30,17,88,79,21,04,82,50",1.820561,2,1,120,0,,"{'window_used': 120, 'regime': 'MIXED', 'unique_numbers': 100, 'top5_avg': 1.684021, 'top12_avg': 1.563459, 'separation': 0.120562, 'mid_today': ''}",LN-quiniela-v3-mid-night
2026-08-31T20:00:28Z,16:00,LN|2026-08-31|NIGHT,120,"07,17,74","07,17,74,87,71,36,63,38,86,89,82,95",2.100986,1,1,120,1,"42,83,13","{'window_used': 120, 'regime': 'CONDITIONAL_EDGE', 'unique_numbers': 100, 'top5_avg': 1.851611, 'top12_avg': 1.606398, 'separation': 0.245213, 'mid_today': '42,83,13'}",LN-quiniela-v3-mid-night
2026-09-01T17:00:17Z,13:00,LN|2026-09-01|MID,120,"28,03,58","87,58,28,03,30,17,88,79,21,04,42,82",1.804901,3,1,120,0,,"{'window_used': 120, 'regime': 'MIXED', 'unique_numbers': 100, 'top5_avg': 1.673765, 'top12_avg': 1.553923, 'separation': 0.119842, 'mid_today': ''}",LN-quiniela-v3-mid-night
2026-09-01T20:00:42Z,16:00,LN|2026-09-01|NIGHT,120,"07,74,17","07,17,74,87,71,36,86,38,63,82,89,31",2.056306,1,1,120,1,"82,30,84","{'window_used': 120, 'regime': 'CONDITIONAL_EDGE', 'unique_numbers': 100, 'top5_avg': 1.836782, 'top12_avg': 1.599169, 'separation': 0.237613, 'mid_today': '82,30,84'}",LN-quiniela-v3-mid-night
2026-09-02T17:00:21Z,13:00,LN|2026-09-02|MID,120,"87,58,03","30,87,82,58,03,28,17,88,21,04,42,79",1.885016,2,1,120,0,,"{'window_used': 120, 'regime': 'MIXED', 'unique_numbers': 100, 'top5_avg': 1.733942, 'top12_avg': 1.57657, 'separation': 0.157372, 'mid_today': ''}",LN-quiniela-v3-mid-night
2026-09-02T20:00:24Z,16:00,LN|2026-09-02|NIGHT,120,"07,74,17","07,17,74,87,71,36,86,63,38,95,89,73",2.031309,2,1,120,1,"85,72,55","{'window_used': 120, 'regime': 'CONDITIONAL_EDGE', 'unique_numbers': 100, 'top5_avg': 1.831466, 'top12_avg': 1.576404, 'separation': 0.255062, 'mid_today': '85,72,55'}",LN-quiniela-v3-mid-night
2026-09-03T17:31:10Z,manual,LN|2026-09-03|MID,120,"58,03,87","30,87,58,82,03,28,17,88,21,04,42,85",1.877121,3,1,120,0,,"{'window_used': 120, 'regime': 'MIXED', 'unique_numbers': 100, 'top5_avg': 1.706775, 'top12_avg': 1.557335, 'separation': 0.149439, 'mid_today': ''}",LN-quiniela-v3-mid-night
